ID,Possession Status,Availability Starts From,Floor No,Commercial,Developer,Approved Authority Name,Units Available,Price,Price (English),Flooring Type,Electricity Status,Maintenance Type,Maintenance Charges,Booking Amount,Landmark,Covered Area,Project Name,sqft Price ,Carpet Area,Area Name,Property Uniqueness,Unit of Carpet Area,Society,Ownership Type,furnished Type,Bathroom,Parking,Facing,Amenities Facing,Transaction Type,Floor Data,Type of Property,City,bedroom,Data Referred From,floors,Water Status,Luxury Flat,Covered Area,Carpet Area Unit,isPrimeLocationProperty,Tenants Preference,Location,Property,covArea Unit,isLuxuryServiceProvided,Property Lifespan,balconies,Rera,Power Back Up,Lift,Rain Water Harvesting,Club House,Swimming Pool,Gymnasium,Park,Parking,Security,Water Storage,Private Terrace/Garden,Vaastu Compliant,Service/Goods Lift,Air Conditioned,Visitor Parking,Intercom Facility,Maintenance Staff,Waste Disposal,Laundry Service,Internet/Wi-Fi Connectivity,DTH Television Facility,RO Water System,Banquet Hall,Bar/Lounge,Cafeteria/Food Court,Conference Room,Piped Gas,Jogging and Strolling Track,Outdoor Tennis Courts,Mansion,Downtown,Skyline View,Wrap Around Balcony,Island Kitchen Layout,Full Glass Wall,House help accommodation,Concierge Services,Garden View,Marble flooring,Well Furnished,Modular Kitchen,Helipad,Private pool ,Private Jaccuzi,Mini Cinema Theatre,Golf Course,Infinity Swimming Pool,Pool with temperature control ,Sea facing,Skydeck,Earth quake resistant,Theme based Architectures,Health club with Steam / Jaccuzi,Large Clubhouse ,Large Open space,Fingerprint Access,Grand Entrance lobby,Private Garage,Fireplace,Wine Cellar,Sky Villa,Water Front,Hilltop,Smart Home,Barbeque space,Kids play area,Library,Puja Room,Study,Servant Room,Store,Aerobics Room,Canopy Walk,Coffee Lounge & Restaurants,Dance Studio,Event Space & Amphitheatre,Flower Gardens,Guest Accommodation,Indoor Squash & Badminton Courts,Kids Play Area,Kids Play Pool With Water Slides,Library And Business Centre,Meditation Area,Multipurpose Courts,Recreational Pool,Rentable CommuniPfty Space,Retail Boulevard (Retail Shops),Cycling & Jogging Track,Fire Fighting Equipment,Aesthetically designed landscape garden,Possession By,NRI Pref,Land Area / Covered Area,Land Area Unit,Pantry Type
12685,Under Construction,Dec '25,5,N,NA,KDMC,1,3150000,31.5 Lac,Vitrified,No/Rare Powercut,Per sq. Unit Monthly,3,100000,Kalyan West Bapgaon,635,NA,4960,375,Kalyan West,NA,Sq-ft,Y,Freehold,Unfurnished,2,1 Covered,East,"Garden/Park, Pool",New Property,5 of 14 Floor,Apartment,Thane,1,Agent,14,Water Availability 24 Hours Available,F,635,Sq-ft,Y,Bachelors/Family,"Kalyan West, Thane",1 BHK Flat,Sq-ft,0,NA,2,NA,1,1,1,1,1,1,1,1,1,1,1,1,1,1,1,1,1,1,1,1,1,1,1,1,1,1,1,1,1,1,1,1,1,1,1,1,1,1,1,1,1,1,1,1,1,1,1,1,1,1,1,1,1,1,1,1,1,1,1,1,1,1,1,1,1,1,1,1,1,1,1,1,1,1,1,1,1,1,1,1,1,1,1,1,1,1,1,1,1,1,NA,NA,NA,NA,NA
12684,Ready to Move,NA,20,Y,TATA Housing Development Company Ltd.,TMC,10,6300000,63 Lac,Vitrified,No/Rare Powercut,Per sq. Unit Monthly,3,100000,Rajoli naka,579,Tata Amantra,10880,579,Kalyan West,NA,Sq-ft,Y,Freehold,Unfurnished,2,1 Covered,East,Main Road,New Property,20 of 34 Floor,Apartment,Thane,2,Agent,34,Water Availability 24 Hours Available,F,579,Sq-ft,Y,Bachelors/Family,"Kalyan West, Thane",2 BHK Flat,Sq-ft,0,New Construction,NA,Y,1,1,1,1,1,1,1,1,1,1,1,1,1,1,1,1,1,1,1,1,1,1,1,1,1,1,1,1,1,1,1,1,1,1,1,1,1,1,1,1,1,1,1,1,1,1,1,1,1,1,1,1,1,1,1,1,1,1,1,1,1,1,1,1,1,1,1,1,1,1,1,1,1,1,1,1,1,1,1,1,1,1,1,1,1,1,1,1,1,1,NA,NA,NA,NA,NA
12683,Ready to Move,NA,18,N,Sai Satyam Developers,KDMC,0,5400000,54 Lac,Vitrified,No/Rare Powercut,Monthly,1200,100000,This property has reputed scholl ints vicinity.,850,Sai Satyam Homes,6352,585,Kalyan West,East Facing Property,Sq-ft,Y,Freehold,Unfurnished,2,1 Open,East,"Garden/Park, Main Road",New Property,18 of 18 Floor,Apartment,Thane,2,Agent,18,Water Availability 24 Hours Available,F,850,Sq-ft,Y,Bachelors/Family,"Kalyan West, Thane",2 BHK Flat,Sq-ft,0,New Construction,NA,NA,1,1,1,1,1,1,1,1,1,1,1,1,1,1,1,1,1,1,1,1,1,1,1,1,1,1,1,1,1,1,1,1,1,1,1,1,1,1,1,1,1,1,1,1,1,1,1,1,1,1,1,1,1,1,1,1,1,1,1,1,1,1,1,1,1,1,1,1,1,1,1,1,1,1,1,1,1,1,1,1,1,1,1,1,1,1,1,1,1,1,NA,Y,NA,NA,NA
12682,Under Construction,Dec '25,5,N,Birla Estates,KDMC,70,9000000,90 Lac,Vitrified,No/Rare Powercut,Monthly,3200,100000,Shahad is one of the attractive locations to own a home,1050,Birla Vanya,8571,815,Kalyan West,NA,Sq-ft,Y,Freehold,Unfurnished,2,"1 Covered, 1 Open",East,"Pool, Garden/Park, Main Road",New Property,5 of 27 Floor,Apartment,Thane,2,Agent,27,Water Availability 24 Hours Available,F,1050,Sq-ft,Y,Bachelors/Family,"Kalyan West, Thane",2 BHK Flat,Sq-ft,0,NA,3,Y,1,1,1,1,1,1,1,1,1,1,1,1,1,1,1,1,1,1,1,1,1,1,1,1,1,1,1,1,1,1,1,1,1,1,1,1,1,1,1,1,1,1,1,1,1,1,1,1,1,1,1,1,1,1,1,1,1,1,1,1,1,1,1,1,1,1,1,1,1,1,1,1,1,1,1,1,1,1,1,1,1,1,1,1,1,1,1,1,1,1,NA,NA,NA,NA,NA
12681,Under Construction,Dec '24,8,Y,Godrej Properties,NA,NA,4950000,49.5 Lac,NA,NA,NA,NA,500000,majiwada metro station,561,Godrej Nirvaan,8824,419,Kalyan West,NA,Sq-ft,Y,Freehold,Semi-Furnished,2,NA,East,Garden/Park,New Property,8 of 26 Floor,Apartment,Thane,1,Agent,26,NA,F,561,Sq-ft,Y,Bachelors/Family,"Kalyan West, Thane",1 BHK Flat,Sq-ft,0,NA,NA,Y,1,1,1,1,1,1,1,1,1,1,1,1,1,1,1,1,1,1,1,1,1,1,1,1,1,1,1,1,1,1,1,1,1,1,1,1,1,1,1,1,1,1,1,1,1,1,1,1,1,1,1,1,1,1,1,1,1,1,1,1,1,1,1,1,1,1,1,1,0,1,1,1,1,1,1,1,1,1,1,1,1,1,1,1,1,1,1,1,1,1,NA,NA,NA,NA,NA
12680,Under Construction,Mar '23,16,N,Tycoons Group,ABAAut,2,6570000,65.7 Lac,Vitrified,No/Rare Powercut,Monthly,2,50000,"Close to tree house school, Dmart, KDMC garden, Spring time Club.",1067,Tycoons Solitaire Sapphire,6157,667,Kalyan West,NA,Sq-ft,Y,Freehold,Unfurnished,2,1 Covered,North - East,"Garden/Park, Main Road",New Property,16 of 18 Floor,Apartment,Thane,2,Agent,18,Water Availability 24 Hours Available,F,1067,Sq-ft,Y,Bachelors/Family,"Kalyan West, Thane",2 BHK Flat,Sq-ft,0,NA,1,Y,1,1,1,1,1,1,1,1,1,1,1,1,1,1,1,1,1,1,1,1,1,1,1,1,1,1,1,1,1,1,1,1,1,1,1,1,1,1,1,1,1,1,1,1,1,1,1,1,1,1,1,1,1,1,1,1,1,1,1,1,1,1,1,1,1,1,1,1,1,1,1,1,1,1,1,1,1,1,1,1,1,1,1,1,1,1,1,1,1,1,NA,NA,NA,NA,NA
12679,Ready to Move,NA,1,N,NA,KDMC,4,5500000,55 Lac,Vitrified,No/Rare Powercut,Monthly,2000,51000,Tilak Chowck,725,NA,7586,550,Kalyan West,NA,Sq-ft,N,Co-operative Society,Unfurnished,2,NA,East,"Garden/Park, Main Road",Resale,1 of 7 Floor,Apartment,Thane,2,Agent,7,Water Availability 24 Hours Available,F,725,Sq-ft,Y,Bachelors/Family,"Kalyan West, Thane",2 BHK Flat,Sq-ft,0,15 to 20 years,2,NA,1,1,1,1,1,1,1,1,1,1,1,1,1,1,1,1,1,1,1,1,1,1,1,1,1,1,1,1,1,1,1,1,1,1,1,1,1,1,1,1,1,1,1,1,1,1,1,1,1,1,1,1,1,1,1,1,1,1,1,1,1,1,1,1,1,1,1,1,1,1,1,1,1,1,1,1,1,1,1,1,1,1,1,1,1,1,1,1,1,1,NA,NA,NA,NA,NA
12678,Ready to Move,NA,4,N,NA,TMC,1,4200000,42 Lac,Vitrified,No/Rare Powercut,Monthly,1500,51000,Agra Road,650,NA,6462,585,Kalyan West,NA,Sq-ft,N,Freehold,Semi-Furnished,1,NA,East,Main Road,Resale,4 of 8 Floor,Apartment,Thane,1,Agent,8,Water Availability 24 Hours Available,F,650,Sq-ft,Y,Bachelors/Family,"Kalyan West, Thane",1 BHK Flat,Sq-ft,0,5 to 10 years,2,Y,1,1,1,1,1,1,1,1,1,1,1,1,1,1,1,1,1,1,1,1,1,1,1,1,1,1,1,1,1,1,1,1,1,1,1,1,1,1,1,1,1,1,1,1,1,1,1,1,1,1,1,1,1,1,1,1,1,1,1,1,1,1,1,1,1,1,1,1,1,1,1,1,1,1,1,1,1,1,1,1,1,1,1,1,1,1,1,1,1,1,NA,NA,NA,NA,NA
12677,Under Construction,Dec '25,16,N,Godrej Properties,ABAAut,15,3449000,34.5 Lac,Vitrified,No/Rare Powercut,Monthly,3,50000,Within 4 mins from 2 stations Shahad and Ambivali Within 12 mins,592,Godrej Riviera,5826,370,Kalyan West,NA,Sq-ft,Y,Freehold,Unfurnished,1,NA,North - East,"Garden/Park, Main Road",New Property,16 of 22 Floor,Apartment,Thane,1,Agent,22,Water Availability 24 Hours Available,F,592,Sq-ft,Y,Bachelors/Family,"Kalyan West, Thane",1 BHK Flat,Sq-ft,0,NA,1,Y,1,1,1,1,1,1,1,1,1,1,1,1,1,1,1,1,1,1,1,1,1,1,1,1,1,1,1,1,1,1,1,1,1,1,1,1,1,1,1,1,1,1,1,1,1,1,1,1,1,1,1,1,1,1,1,1,1,1,1,1,1,1,1,1,1,1,1,1,1,1,1,1,1,1,1,1,1,1,1,1,1,1,1,1,1,1,1,1,1,1,NA,NA,NA,NA,NA
12676,Ready to Move,NA,5,N,NA,NA,NA,5000000,50 Lac,NA,NA,NA,NA,100000,NA,644,NA,7764,430,Kalyan West,NA,Sq-ft,N,NA,Unfurnished,1,NA,West,NA,Resale,5 of 7 Floor,Apartment,Thane,1,Agent,7,NA,F,644,Sq-ft,Y,Bachelors/Family,"Kalyan West, Thane",1 BHK Flat,Sq-ft,0,10 to 15 years,1,NA,1,1,0,1,1,1,1,1,1,0,0,1,1,0,0,1,1,0,0,1,1,0,0,0,0,0,0,1,1,0,0,0,0,0,0,0,0,0,0,0,0,0,0,0,0,0,0,0,0,0,0,0,0,0,0,0,0,0,0,0,0,0,0,0,0,0,0,0,0,0,0,0,0,0,0,0,0,0,0,0,0,0,0,0,0,0,0,0,0,0,NA,NA,NA,NA,NA
12675,Under Construction,Dec '24,10,N,NA,KDMC,25,2990000,29.9 Lac,Vitrified,No/Rare Powercut,Monthly,1200,27000,near don bosco school,550,NA,5436,370,Kalyan West,NA,Sq-ft,Y,Freehold,Furnished,2,1 Open,East,"Garden/Park, Main Road, Pool",New Property,10 of 30 Floor,Apartment,Thane,1,Agent,30,Water Availability 24 Hours Available,F,550,Sq-ft,Y,Bachelors/Family,"Kalyan West, Thane",1 BHK Flat,Sq-ft,0,NA,3,NA,1,1,1,1,1,1,1,1,1,1,1,1,1,1,1,1,1,1,1,1,1,1,1,1,1,1,1,1,1,1,1,1,1,1,1,1,1,1,1,1,1,1,1,1,1,1,1,1,1,1,1,1,1,1,1,1,1,1,1,1,1,1,1,1,1,1,1,1,1,1,1,1,1,1,1,1,1,1,1,1,1,1,1,1,1,1,1,1,1,1,NA,NA,NA,NA,NA
12674,Under Construction,Dec '24,10,N,NA,KDMC,25,4190000,41.9 Lac,Vitrified,No/Rare Powercut,Monthly,1500,27000,near don bosco school,850,NA,7618,570,Kalyan West,NA,Sq-ft,Y,Freehold,Semi-Furnished,2,1 Covered,East,"Garden/Park, Main Road",New Property,10 of 30 Floor,Apartment,Thane,2,Agent,30,Water Availability 24 Hours Available,F,850,Sq-ft,Y,Bachelors/Family,"Kalyan West, Thane",2 BHK Flat,Sq-ft,0,NA,3,Y,1,1,1,1,1,1,1,1,1,1,1,1,1,1,1,1,1,1,1,1,1,1,1,1,1,1,1,1,1,1,1,1,1,1,1,1,1,1,1,1,1,1,1,1,1,1,1,1,1,1,1,1,1,1,1,1,1,1,1,1,1,1,1,1,1,1,1,1,1,1,1,1,1,1,1,1,1,1,1,1,1,1,1,1,1,1,1,1,1,1,NA,NA,NA,NA,NA
12673,Ready to Move,NA,9,Y,Tharwani Infrastructures,NA,NA,4900000,49 Lac,Vitrified,NA,NA,NA,NA,kalyan west,595,Rosalie,8235,NA,Kalyan West,NA,Sq-ft,N,Co-operative Society,Unfurnished,1,NA,North - East,Main Road,New Property,9 of 19 Floor,Apartment,Thane,1,Agent,19,NA,F,595,NA,Y,Bachelors/Family,"Kalyan West, Thane",1 BHK Flat,Sq-ft,0,New Construction,NA,NA,1,1,1,1,1,1,1,1,1,1,1,1,1,1,1,1,1,1,1,1,1,1,1,1,1,1,1,1,1,1,1,1,1,1,1,1,1,1,1,1,1,1,1,1,1,1,1,1,1,1,1,1,1,1,1,1,1,1,1,1,1,1,1,1,1,1,1,0,1,1,1,1,1,1,1,1,1,1,1,1,1,1,1,1,1,1,1,1,1,1,NA,NA,NA,NA,NA
12672,Ready to Move,NA,2,N,NA,ABAMNC,1,2187500,21.9 Lac,Vitrified,No/Rare Powercut,Monthly,1000,51000,Yash Hotel,595,NA,3676,450,Kalyan West,NA,Sq-ft,Y,Freehold,Unfurnished,1,1 Covered,North - East,Garden/Park,New Property,2 of 3 Floor,Apartment,Thane,1,Agent,3,Water Availability 24 Hours Available,F,595,Sq-ft,Y,Bachelors/Family,"Kalyan West, Thane",1 BHK Flat,Sq-ft,0,New Construction,1,NA,1,1,0,0,0,0,1,1,1,0,0,1,0,0,1,0,0,0,0,0,0,0,0,0,0,0,0,0,0,0,0,0,0,0,0,0,0,0,0,0,0,0,0,0,0,0,0,0,0,0,0,0,0,0,0,0,0,0,0,0,0,0,0,0,0,0,0,0,0,0,0,0,0,0,0,0,0,0,0,0,0,0,0,0,0,0,0,0,0,0,NA,NA,NA,NA,NA
12671,Ready to Move,NA,16,N,Gurukrupa Group,NA,0,4700000,47 Lac,Vitrified,NA,Per sq. Unit Monthly,3,100000,Near Yogi Dam,695,Guru Atman,6763,462,Kalyan West,NA,Sq-ft,N,Co-operative Society,Unfurnished,1,NA,North - West,Main Road,Resale,16 of 18 Floor,Apartment,Thane,1,Agent,18,NA,F,695,Sq-ft,Y,Bachelors/Family,"Kalyan West, Thane",1 BHK Flat,Sq-ft,0,Less than 5 years,1,NA,1,1,1,1,1,1,1,1,1,1,1,1,1,1,1,1,1,1,1,1,1,1,1,1,1,1,1,1,1,1,1,1,1,1,1,1,1,1,1,1,1,1,1,1,1,1,1,1,1,1,1,1,1,1,1,1,1,1,1,1,1,1,1,1,1,1,1,0,1,1,1,1,1,1,1,1,1,1,1,1,1,1,1,1,1,1,1,1,1,1,NA,NA,NA,NA,NA
12670,Under Construction,Jan '26,9,N,NA,ABADev,10,10450000,1.04 Cr,Vitrified,No/Rare Powercut,Monthly,1600,51000,Godrej Hill near Dmart Opposite Tycoons ValleyKhadakpada Kalyan West,NA,NA,10674,980,Kalyan West,NA,NA,Y,Freehold,Unfurnished,2,"1 Covered, 1 Open",North - East,Garden/Park,New Property,9 of 26 Floor,Apartment,Thane,3,Agent,26,Water Availability 24 Hours Available,F,NA,Sq-ft,Y,Bachelors/Family,"Kalyan West, Thane",3 BHK Flat,NA,0,NA,3,NA,1,1,1,1,1,1,1,1,1,1,1,1,1,1,1,1,1,1,1,1,1,1,1,1,1,1,1,1,1,1,1,1,1,1,1,1,1,1,1,1,1,1,1,1,1,1,1,1,1,1,1,1,1,1,1,1,1,1,1,1,1,1,1,1,1,1,1,1,1,1,1,1,1,1,1,1,1,1,1,1,1,1,1,1,1,1,1,1,1,1,NA,NA,NA,NA,NA
12669,Under Construction,Nov '25,18,N,NA,KDMC,NA,12000000,1.20 Cr,Vitrified,No/Rare Powercut,Monthly,2500,100000,khadhakpada vasant park near by D mart,1350,NA,8889,927,Kalyan West,East Facing Property,Sq-ft,N,Power Of Attorney,Unfurnished,3,1 Open,East,"Garden/Park, Pool, Main Road",New Property,18 of 36 Floor,Apartment,Thane,3,Agent,36,Water Availability 24 Hours Available,F,1350,Sq-ft,Y,Bachelors/Family,"Kalyan West, Thane",3 BHK Flat,Sq-ft,0,NA,3,NA,1,1,1,1,1,1,1,1,1,1,1,1,1,1,1,1,1,1,1,1,1,1,1,1,1,1,1,1,1,1,1,1,1,1,1,1,1,1,1,1,1,1,1,1,1,1,1,1,1,1,1,1,1,1,1,1,1,1,1,1,1,1,1,1,1,1,1,1,1,1,1,1,1,1,1,1,1,1,1,1,1,1,1,1,1,1,1,1,1,1,NA,NA,NA,NA,NA
12668,Under Construction,Mar '23,9,N,Gurukrupa Group,KDMC,3,7000000,70 Lac,Vitrified,No/Rare Powercut,Monthly,2500,51000,Atm 500mdmart 500mbank    500m school 500m.,960,Guru Atman,7608,650,Kalyan West,NA,Sq-ft,N,Freehold,Unfurnished,2,1 Open,North - East,"Garden/Park, Pool",Resale,9 of 23 Floor,Apartment,Thane,2,Agent,23,Water Availability 24 Hours Available,F,960,Sq-ft,Y,Bachelors/Family,"Kalyan West, Thane",2 BHK Flat,Sq-ft,0,NA,2,NA,1,1,1,1,1,1,1,1,1,1,1,1,1,1,1,1,1,1,1,1,1,1,1,1,1,1,1,1,1,1,1,1,1,1,1,1,1,1,1,1,1,1,1,1,1,1,1,1,1,1,1,1,1,1,1,1,1,1,1,1,1,1,1,1,1,1,1,1,1,1,0,1,1,1,1,1,1,1,1,1,1,1,1,1,1,1,1,1,1,1,NA,NA,NA,NA,NA
12667,Under Construction,Dec '23,9,N,Rutu Group,KDMC,7,7000000,70 Lac,Vitrified,No/Rare Powercut,Monthly,0,100000,agrawal college,1010,Riverview Classic,6930,761,Kalyan West,NA,Sq-ft,Y,Freehold,Unfurnished,2,1 Open,North - East,"Garden/Park, Pool, Main Road",New Property,9 of 15 Floor,Apartment,Thane,2,Agent,15,Water Availability 24 Hours Available,F,1010,Sq-ft,Y,Bachelors/Family,"Kalyan West, Thane",2 BHK Flat,Sq-ft,0,NA,2,Y,1,1,1,1,1,1,1,1,1,1,1,1,1,1,1,1,1,1,1,1,1,1,1,1,1,1,1,1,1,1,1,1,1,1,1,1,1,1,1,1,1,1,1,1,1,1,1,1,1,1,1,1,1,1,1,1,1,1,1,1,1,1,1,1,1,1,1,1,1,1,1,1,1,1,1,1,1,1,1,1,1,1,1,1,1,1,1,1,1,1,NA,NA,NA,NA,NA
12666,Ready to Move,NA,4,N,Ajmera Realty & Infra India Ltd.,KDMC,1,4800000,48 Lac,Vitrified,No/Rare Powercut,Per sq. Unit Monthly,4,51000,Yogidham Road kalyan station 2.5km,711,Ajmera New Era,6751,460,Kalyan West,NA,Sq-ft,N,Freehold,Unfurnished,2,NA,North - East,Main Road,Resale,4 of 21 Floor,Apartment,Thane,1,Agent,21,Water Availability 2 Hours Available,F,711,Sq-ft,Y,Bachelors/Family,"Kalyan West, Thane",1 BHK Flat,Sq-ft,0,Less than 5 years,1,NA,1,1,1,1,1,1,1,1,1,1,1,1,1,1,1,1,1,1,1,1,1,1,1,1,1,1,1,1,1,1,1,1,1,1,1,1,1,1,1,1,1,1,1,1,1,1,1,1,1,1,1,1,1,1,1,1,1,1,1,1,1,1,1,1,1,1,1,0,1,1,1,1,1,1,1,1,1,1,1,1,1,1,1,1,1,1,1,1,1,1,NA,NA,NA,NA,NA
12665,Under Construction,Aug '25,20,N,Birla Estates,KDMC,50,9500000,95 Lac,"Ceramic Tiles,Granite,Marble,Marbonite,Mosaic,Vitrified,Wooden",No/Rare Powercut,Monthly,4500,100000,near by shahad station  birla college,1000,Birla Vanya,9500,661,Kalyan West,NA,Sq-ft,Y,Freehold,Semi-Furnished,2,1 Covered,North - West,"Garden/Park, Pool, Main Road",New Property,20 of 38 Floor,Apartment,Thane,2,Agent,38,Water Availability 24 Hours Available,F,1000,Sq-ft,Y,Bachelors/Family,"Kalyan West, Thane",2 BHK Flat,Sq-ft,0,NA,1,Y,1,1,1,1,1,1,1,1,1,1,1,1,1,1,1,1,1,1,1,1,1,1,1,1,1,1,1,1,1,1,1,1,1,1,1,1,1,1,1,1,1,1,1,1,1,1,1,1,1,1,1,1,1,1,1,1,1,1,1,1,1,1,1,1,1,1,1,1,1,1,1,1,1,1,1,1,1,1,1,1,1,1,1,1,1,1,1,1,1,1,NA,NA,NA,NA,NA
12664,Under Construction,Dec '24,18,N,Ajmera Realty & Infra India Ltd.,KDMC,10,7499000,75 Lac,"Ceramic Tiles,Granite,Marble,Vitrified",No/Rare Powercut,Monthly,0,45000,"KalyanMurbad Rd, opp. KDMC Bus Depo, Yogidham, Kalyan West, Kalyan,",709,One Kalyan,12415,709,Kalyan West,NA,Sq-ft,Y,Freehold,Unfurnished,2,1 Covered,North - East,"Garden/Park, Pool, Main Road",New Property,18 of 27 Floor,Apartment,Thane,2,Agent,27,Water Availability 24 Hours Available,F,709,Sq-ft,Y,Bachelors/Family,"Kalyan West, Thane",2 BHK Flat,Sq-ft,0,NA,2,Y,1,1,1,1,1,1,1,1,1,1,1,1,1,1,1,1,1,1,1,1,1,1,1,1,1,1,1,1,1,1,1,1,1,1,1,1,1,1,1,1,1,1,1,1,1,1,1,1,1,1,1,1,1,1,1,1,1,1,1,1,1,1,1,1,1,1,1,1,1,1,1,1,1,1,1,1,1,1,1,1,1,1,1,1,1,1,1,1,1,1,NA,NA,NA,NA,NA
12663,Ready to Move,Dec '22,5,N,Ajmera Realty & Infra India Ltd.,KDMC,2,4500000,45 Lac,Vitrified,No/Rare Powercut,Monthly,2200,51000,"Yogidham Area,Gholap Nagar,Kalyan West",675,Ajmera Bliss,6666,450,Kalyan West,East Facing Property,Sq-ft,Y,Freehold,Unfurnished,2,1 Open,East,"Garden/Park, Pool, Main Road",New Property,5 of 21 Floor,Apartment,Thane,1,Agent,21,Water Availability 24 Hours Available,F,675,Sq-ft,Y,Bachelors/Family,"Kalyan West, Thane",1 BHK Flat,Sq-ft,0,NA,3,NA,1,1,1,1,1,1,1,1,1,1,1,1,1,1,1,1,1,1,1,1,1,1,1,1,1,1,1,1,1,1,1,1,1,1,1,1,1,1,1,1,1,1,1,1,1,1,1,1,1,1,1,1,1,1,1,1,1,1,1,1,1,1,1,1,1,1,1,0,1,1,1,1,1,1,1,1,1,1,1,1,1,1,1,1,1,1,1,1,1,1,NA,NA,NA,NA,NA
12662,Under Construction,Jun '25,18,N,Godrej Properties,TMC,23,4300000,43 Lac,Vitrified,No/Rare Powercut,Yearly,0,50000,"Bhumi World - Industrial Park, Off, Mumbai - Nashik Expy, Maharashtra 421308",590,Godrej Upavan,7288,367,Kalyan West,East Facing Property,Sq-ft,N,Freehold,Unfurnished,2,1 Covered,East,"Garden/Park, Pool, Main Road",New Property,18 of 33 Floor,Apartment,Thane,1,Agent,33,Water Availability 24 Hours Available,F,590,Sq-ft,Y,Bachelors/Family,"Kalyan West, Thane",1 BHK Flat,Sq-ft,0,NA,NA,Y,1,1,1,1,1,1,1,1,1,1,1,1,1,1,1,1,1,1,1,1,1,1,1,1,1,1,1,1,1,1,1,1,1,1,1,1,1,1,1,1,1,1,1,1,1,1,1,1,1,1,1,1,1,1,1,1,1,1,1,1,1,1,1,1,1,1,1,1,1,1,1,1,1,1,1,1,1,1,1,1,1,1,1,1,1,1,1,1,1,1,NA,NA,NA,NA,NA
12661,Under Construction,Jan '24,11,N,Tycoons Group,ABADev,NA,3950000,39.5 Lac,Vitrified,No/Rare Powercut,Monthly,1200,51000,"Tycoons Square, near Birla School, Kalyan, Maharashtra 421301",NA,Tycoons Square,NA,390,Kalyan West,East Facing Property,NA,Y,Freehold,Furnished,2,"1 Covered, 1 Open",East,Garden/Park,New Property,11 of 29 Floor,Apartment,Thane,1,Agent,29,Water Availability 24 Hours Available,F,NA,Sq-ft,Y,Bachelors/Family,"Kalyan West, Thane",1 BHK Flat,NA,0,NA,1,NA,0,1,1,1,0,1,1,1,0,0,0,1,0,0,1,0,0,0,0,0,0,0,1,0,0,0,0,0,1,0,0,0,0,0,0,0,0,0,0,0,0,0,0,0,0,0,0,0,0,0,0,0,0,0,0,0,0,0,0,0,0,0,0,0,0,0,0,0,0,0,0,0,0,0,0,0,0,0,0,0,0,0,0,0,0,0,0,0,0,0,NA,NA,NA,NA,NA
12660,Ready to Move,Jan '23,21,N,Raunak Group,KDMC,NA,3600000,36 Lac,Vitrified,No/Rare Powercut,Monthly,NA,45000,Near Don Bosco School,645,Raunak Urban Centre,5581,467,Kalyan West,Near Don Bosco School,Sq-ft,Y,Freehold,Semi-Furnished,2,1 Open,North - East,"Garden/Park, Pool, Main Road",New Property,21 of 30 Floor,Apartment,Thane,1,Agent,30,Water Availability 24 Hours Available,F,645,Sq-ft,Y,Bachelors/Family,"Kalyan West, Thane",1 BHK Flat,Sq-ft,0,NA,2,NA,1,1,1,1,1,1,1,1,1,1,1,1,1,1,1,1,1,1,1,1,1,1,1,1,1,1,1,1,1,1,1,1,1,1,1,1,1,1,1,1,1,1,1,1,1,1,1,1,1,1,1,1,1,1,1,1,1,1,1,1,1,1,1,1,1,1,1,1,1,1,1,1,1,1,1,1,1,1,1,1,1,1,1,1,1,1,1,1,1,1,NA,Y,NA,NA,NA
12659,Ready to Move,NA,5,N,Vaishnavi Developers,ABAMNC,NA,3580000,35.8 Lac,Vitrified,NA,Monthly,1000,100000,Pari Hospital,650,Vaibhavi City,5508,460,Kalyan West,East Facing Property,Sq-ft,N,Freehold,Unfurnished,1,NA,East,"Garden/Park, Main Road",Resale,5 of 7 Floor,Apartment,Thane,1,Agent,7,NA,F,650,Sq-ft,Y,Bachelors/Family,"Kalyan West, Thane",1 BHK Flat,Sq-ft,0,New Construction,2,NA,1,1,1,1,1,1,1,1,1,1,1,1,1,1,1,1,1,1,1,1,1,1,1,1,1,1,1,1,1,1,1,1,1,1,1,1,1,1,1,1,1,1,1,1,1,1,1,1,1,1,1,1,1,1,1,1,1,1,1,1,1,1,1,1,1,1,1,0,1,1,1,1,1,1,1,1,1,1,1,1,1,1,1,1,1,1,1,1,1,1,NA,Y,NA,NA,NA
12658,Under Construction,Dec '24,7,N,NA,ABAMNC,2,14796000,1.47 Cr,"Granite,Marbonite,Wooden",No/Rare Powercut,Monthly,7000,100000,"Kalyan West,Kalyan Murbad Road",2160,NA,6850,1385,Kalyan West,East Facing Property,Sq-ft,Y,Freehold,Unfurnished,3,2 Covered,East,"Garden/Park, Pool, Main Road",New Property,7 of 36 Floor,Apartment,Thane,3,Agent,36,Water Availability 24 Hours Available,F,2160,Sq-ft,Y,Bachelors/Family,"Kalyan West, Thane",3 BHK Flat,Sq-ft,0,NA,4,Y,1,1,1,1,1,1,1,1,1,1,1,1,1,1,1,1,1,1,1,1,1,1,1,1,1,1,1,1,1,1,1,1,1,1,1,1,1,1,1,1,1,1,1,1,1,1,1,1,1,1,1,1,1,1,1,1,1,1,1,1,1,1,1,1,1,1,1,0,1,1,1,1,1,1,1,1,1,1,1,1,1,1,1,1,1,1,1,1,1,1,NA,NA,NA,NA,NA
12657,Under Construction,Dec '25,3,Y,NA,KDMC,12,4300000,43 Lac,Vitrified,No/Rare Powercut,Per sq. Unit Monthly,3,100000,Kalyan West Bapgaon.,854,NA,5035,505,Kalyan West,NA,Sq-ft,Y,Freehold,Unfurnished,2,1 Covered,East,"Garden/Park, Pool",New Property,3 of 14 Floor,Apartment,Thane,2,Agent,14,Water Availability 24 Hours Available,F,854,Sq-ft,Y,Bachelors/Family,"Kalyan West, Thane",2 BHK Flat,Sq-ft,0,NA,2,NA,1,1,1,1,1,1,1,1,1,1,1,1,1,1,1,1,1,1,1,1,1,1,1,1,1,1,1,1,1,1,1,1,1,1,1,1,1,1,1,1,1,1,1,1,1,1,1,1,1,1,1,1,1,1,1,1,1,1,1,1,1,1,1,1,1,1,1,1,1,1,1,1,1,1,1,1,1,1,1,1,1,1,1,1,1,1,1,1,1,1,NA,NA,NA,NA,NA
12656,Under Construction,Mar '26,10,N,NA,KDMC,12,4185500,41.9 Lac,Vitrified,No/Rare Powercut,Per sq. Unit Monthly,3,100000,Kalyan Station,384,NA,10899,384,Kalyan West,NA,Sq-ft,Y,Freehold,Unfurnished,2,1 Covered,East,"Garden/Park, Pool",New Property,10 of 23 Floor,Apartment,Thane,1,Agent,23,Water Availability 24 Hours Available,F,384,Sq-ft,Y,Bachelors/Family,"Kalyan West, Thane",1 BHK Flat,Sq-ft,0,NA,2,NA,1,1,1,1,1,1,1,1,1,1,1,1,1,1,1,1,1,1,1,1,1,1,1,1,1,1,1,1,1,1,1,1,1,1,1,1,1,1,1,1,1,1,1,1,1,1,1,1,1,1,1,1,1,1,1,1,1,1,1,1,1,1,1,1,1,1,1,1,1,1,1,1,1,1,1,1,1,1,1,1,1,1,1,1,1,1,1,1,1,1,NA,NA,NA,NA,NA
12655,Under Construction,Mar '23,16,N,Tycoons Group,ABAAut,2,6570000,65.7 Lac,Vitrified,No/Rare Powercut,Monthly,2,50000,"Close to tree house school, Dmart, KDMC garden, Spring time Club.",1067,Tycoons Solitaire Sapphire,6157,667,Kalyan West,NA,Sq-ft,Y,Freehold,Unfurnished,2,1 Covered,North - East,"Garden/Park, Main Road",New Property,16 of 18 Floor,Apartment,Thane,2,Agent,18,Water Availability 24 Hours Available,F,1067,Sq-ft,Y,Bachelors/Family,"Kalyan West, Thane",2 BHK Flat,Sq-ft,0,NA,1,Y,1,1,1,1,1,1,1,1,1,1,1,1,1,1,1,1,1,1,1,1,1,1,1,1,1,1,1,1,1,1,1,1,1,1,1,1,1,1,1,1,1,1,1,1,1,1,1,1,1,1,1,1,1,1,1,1,1,1,1,1,1,1,1,1,1,1,1,1,1,1,1,1,1,1,1,1,1,1,1,1,1,1,1,1,1,1,1,1,1,1,NA,NA,NA,NA,NA
12654,Ready to Move,NA,1,N,NA,KDMC,4,5500000,55 Lac,Vitrified,No/Rare Powercut,Monthly,2000,51000,Tilak Chowck,725,NA,7586,550,Kalyan West,NA,Sq-ft,N,Co-operative Society,Unfurnished,2,NA,East,"Garden/Park, Main Road",Resale,1 of 7 Floor,Apartment,Thane,2,Agent,7,Water Availability 24 Hours Available,F,725,Sq-ft,Y,Bachelors/Family,"Kalyan West, Thane",2 BHK Flat,Sq-ft,0,15 to 20 years,2,NA,1,1,1,1,1,1,1,1,1,1,1,1,1,1,1,1,1,1,1,1,1,1,1,1,1,1,1,1,1,1,1,1,1,1,1,1,1,1,1,1,1,1,1,1,1,1,1,1,1,1,1,1,1,1,1,1,1,1,1,1,1,1,1,1,1,1,1,1,1,1,1,1,1,1,1,1,1,1,1,1,1,1,1,1,1,1,1,1,1,1,NA,NA,NA,NA,NA
12653,Ready to Move,NA,4,N,NA,TMC,1,4200000,42 Lac,Vitrified,No/Rare Powercut,Monthly,1500,51000,Agra Road,650,NA,6462,585,Kalyan West,NA,Sq-ft,N,Freehold,Semi-Furnished,1,NA,East,Main Road,Resale,4 of 8 Floor,Apartment,Thane,1,Agent,8,Water Availability 24 Hours Available,F,650,Sq-ft,Y,Bachelors/Family,"Kalyan West, Thane",1 BHK Flat,Sq-ft,0,5 to 10 years,2,Y,1,1,1,1,1,1,1,1,1,1,1,1,1,1,1,1,1,1,1,1,1,1,1,1,1,1,1,1,1,1,1,1,1,1,1,1,1,1,1,1,1,1,1,1,1,1,1,1,1,1,1,1,1,1,1,1,1,1,1,1,1,1,1,1,1,1,1,1,1,1,1,1,1,1,1,1,1,1,1,1,1,1,1,1,1,1,1,1,1,1,NA,NA,NA,NA,NA
12652,Under Construction,Dec '25,16,N,Godrej Properties,ABAAut,15,3449000,34.5 Lac,Vitrified,No/Rare Powercut,Monthly,3,50000,Within 4 mins from 2 stations Shahad and Ambivali Within 12 mins,592,Godrej Riviera,5826,370,Kalyan West,NA,Sq-ft,Y,Freehold,Unfurnished,1,NA,North - East,"Garden/Park, Main Road",New Property,16 of 22 Floor,Apartment,Thane,1,Agent,22,Water Availability 24 Hours Available,F,592,Sq-ft,Y,Bachelors/Family,"Kalyan West, Thane",1 BHK Flat,Sq-ft,0,NA,1,Y,1,1,1,1,1,1,1,1,1,1,1,1,1,1,1,1,1,1,1,1,1,1,1,1,1,1,1,1,1,1,1,1,1,1,1,1,1,1,1,1,1,1,1,1,1,1,1,1,1,1,1,1,1,1,1,1,1,1,1,1,1,1,1,1,1,1,1,1,1,1,1,1,1,1,1,1,1,1,1,1,1,1,1,1,1,1,1,1,1,1,NA,NA,NA,NA,NA
12651,Ready to Move,NA,5,N,NA,NA,NA,5000000,50 Lac,NA,NA,NA,NA,100000,NA,644,NA,7764,430,Kalyan West,NA,Sq-ft,N,NA,Unfurnished,1,NA,West,NA,Resale,5 of 7 Floor,Apartment,Thane,1,Agent,7,NA,F,644,Sq-ft,Y,Bachelors/Family,"Kalyan West, Thane",1 BHK Flat,Sq-ft,0,10 to 15 years,1,NA,1,1,0,1,1,1,1,1,1,0,0,1,1,0,0,1,1,0,0,1,1,0,0,0,0,0,0,1,1,0,0,0,0,0,0,0,0,0,0,0,0,0,0,0,0,0,0,0,0,0,0,0,0,0,0,0,0,0,0,0,0,0,0,0,0,0,0,0,0,0,0,0,0,0,0,0,0,0,0,0,0,0,0,0,0,0,0,0,0,0,NA,NA,NA,NA,NA
12650,Under Construction,Dec '24,10,N,NA,KDMC,25,2990000,29.9 Lac,Vitrified,No/Rare Powercut,Monthly,1200,27000,near don bosco school,550,NA,5436,370,Kalyan West,NA,Sq-ft,Y,Freehold,Furnished,2,1 Open,East,"Garden/Park, Main Road, Pool",New Property,10 of 30 Floor,Apartment,Thane,1,Agent,30,Water Availability 24 Hours Available,F,550,Sq-ft,Y,Bachelors/Family,"Kalyan West, Thane",1 BHK Flat,Sq-ft,0,NA,3,NA,1,1,1,1,1,1,1,1,1,1,1,1,1,1,1,1,1,1,1,1,1,1,1,1,1,1,1,1,1,1,1,1,1,1,1,1,1,1,1,1,1,1,1,1,1,1,1,1,1,1,1,1,1,1,1,1,1,1,1,1,1,1,1,1,1,1,1,1,1,1,1,1,1,1,1,1,1,1,1,1,1,1,1,1,1,1,1,1,1,1,NA,NA,NA,NA,NA
12649,Under Construction,Dec '24,10,N,NA,KDMC,25,4190000,41.9 Lac,Vitrified,No/Rare Powercut,Monthly,1500,27000,near don bosco school,850,NA,7618,570,Kalyan West,NA,Sq-ft,Y,Freehold,Semi-Furnished,2,1 Covered,East,"Garden/Park, Main Road",New Property,10 of 30 Floor,Apartment,Thane,2,Agent,30,Water Availability 24 Hours Available,F,850,Sq-ft,Y,Bachelors/Family,"Kalyan West, Thane",2 BHK Flat,Sq-ft,0,NA,3,Y,1,1,1,1,1,1,1,1,1,1,1,1,1,1,1,1,1,1,1,1,1,1,1,1,1,1,1,1,1,1,1,1,1,1,1,1,1,1,1,1,1,1,1,1,1,1,1,1,1,1,1,1,1,1,1,1,1,1,1,1,1,1,1,1,1,1,1,1,1,1,1,1,1,1,1,1,1,1,1,1,1,1,1,1,1,1,1,1,1,1,NA,NA,NA,NA,NA
12648,Ready to Move,NA,9,Y,Tharwani Infrastructures,NA,NA,4900000,49 Lac,Vitrified,NA,NA,NA,NA,kalyan west,595,Rosalie,8235,NA,Kalyan West,NA,Sq-ft,N,Co-operative Society,Unfurnished,1,NA,North - East,Main Road,New Property,9 of 19 Floor,Apartment,Thane,1,Agent,19,NA,F,595,NA,Y,Bachelors/Family,"Kalyan West, Thane",1 BHK Flat,Sq-ft,0,New Construction,NA,NA,1,1,1,1,1,1,1,1,1,1,1,1,1,1,1,1,1,1,1,1,1,1,1,1,1,1,1,1,1,1,1,1,1,1,1,1,1,1,1,1,1,1,1,1,1,1,1,1,1,1,1,1,1,1,1,1,1,1,1,1,1,1,1,1,1,1,1,0,1,1,1,1,1,1,1,1,1,1,1,1,1,1,1,1,1,1,1,1,1,1,NA,NA,NA,NA,NA
12647,Ready to Move,NA,2,N,NA,ABAMNC,1,2187500,21.9 Lac,Vitrified,No/Rare Powercut,Monthly,1000,51000,Yash Hotel,595,NA,3676,450,Kalyan West,NA,Sq-ft,Y,Freehold,Unfurnished,1,1 Covered,North - East,Garden/Park,New Property,2 of 3 Floor,Apartment,Thane,1,Agent,3,Water Availability 24 Hours Available,F,595,Sq-ft,Y,Bachelors/Family,"Kalyan West, Thane",1 BHK Flat,Sq-ft,0,New Construction,1,NA,1,1,0,0,0,0,1,1,1,0,0,1,0,0,1,0,0,0,0,0,0,0,0,0,0,0,0,0,0,0,0,0,0,0,0,0,0,0,0,0,0,0,0,0,0,0,0,0,0,0,0,0,0,0,0,0,0,0,0,0,0,0,0,0,0,0,0,0,0,0,0,0,0,0,0,0,0,0,0,0,0,0,0,0,0,0,0,0,0,0,NA,NA,NA,NA,NA
12646,Ready to Move,NA,16,N,Gurukrupa Group,NA,0,4700000,47 Lac,Vitrified,NA,Per sq. Unit Monthly,3,100000,Near Yogi Dam,695,Guru Atman,6763,462,Kalyan West,NA,Sq-ft,N,Co-operative Society,Unfurnished,1,NA,North - West,Main Road,Resale,16 of 18 Floor,Apartment,Thane,1,Agent,18,NA,F,695,Sq-ft,Y,Bachelors/Family,"Kalyan West, Thane",1 BHK Flat,Sq-ft,0,Less than 5 years,1,NA,1,1,1,1,1,1,1,1,1,1,1,1,1,1,1,1,1,1,1,1,1,1,1,1,1,1,1,1,1,1,1,1,1,1,1,1,1,1,1,1,1,1,1,1,1,1,1,1,1,1,1,1,1,1,1,1,1,1,1,1,1,1,1,1,1,1,1,0,1,1,1,1,1,1,1,1,1,1,1,1,1,1,1,1,1,1,1,1,1,1,NA,NA,NA,NA,NA
12645,Under Construction,Jan '26,9,N,NA,ABADev,10,10450000,1.04 Cr,Vitrified,No/Rare Powercut,Monthly,1600,51000,Godrej Hill near Dmart Opposite Tycoons ValleyKhadakpada Kalyan West,NA,NA,10674,980,Kalyan West,NA,NA,Y,Freehold,Unfurnished,2,"1 Covered, 1 Open",North - East,Garden/Park,New Property,9 of 26 Floor,Apartment,Thane,3,Agent,26,Water Availability 24 Hours Available,F,NA,Sq-ft,Y,Bachelors/Family,"Kalyan West, Thane",3 BHK Flat,NA,0,NA,3,NA,1,1,1,1,1,1,1,1,1,1,1,1,1,1,1,1,1,1,1,1,1,1,1,1,1,1,1,1,1,1,1,1,1,1,1,1,1,1,1,1,1,1,1,1,1,1,1,1,1,1,1,1,1,1,1,1,1,1,1,1,1,1,1,1,1,1,1,1,1,1,1,1,1,1,1,1,1,1,1,1,1,1,1,1,1,1,1,1,1,1,NA,NA,NA,NA,NA
12644,Under Construction,Nov '25,18,N,NA,KDMC,NA,12000000,1.20 Cr,Vitrified,No/Rare Powercut,Monthly,2500,100000,khadhakpada vasant park near by D mart,1350,NA,8889,927,Kalyan West,East Facing Property,Sq-ft,N,Power Of Attorney,Unfurnished,3,1 Open,East,"Garden/Park, Pool, Main Road",New Property,18 of 36 Floor,Apartment,Thane,3,Agent,36,Water Availability 24 Hours Available,F,1350,Sq-ft,Y,Bachelors/Family,"Kalyan West, Thane",3 BHK Flat,Sq-ft,0,NA,3,NA,1,1,1,1,1,1,1,1,1,1,1,1,1,1,1,1,1,1,1,1,1,1,1,1,1,1,1,1,1,1,1,1,1,1,1,1,1,1,1,1,1,1,1,1,1,1,1,1,1,1,1,1,1,1,1,1,1,1,1,1,1,1,1,1,1,1,1,1,1,1,1,1,1,1,1,1,1,1,1,1,1,1,1,1,1,1,1,1,1,1,NA,NA,NA,NA,NA
12643,Under Construction,Mar '23,9,N,Gurukrupa Group,KDMC,3,7000000,70 Lac,Vitrified,No/Rare Powercut,Monthly,2500,51000,Atm 500mdmart 500mbank    500m school 500m.,960,Guru Atman,7608,650,Kalyan West,NA,Sq-ft,N,Freehold,Unfurnished,2,1 Open,North - East,"Garden/Park, Pool",Resale,9 of 23 Floor,Apartment,Thane,2,Agent,23,Water Availability 24 Hours Available,F,960,Sq-ft,Y,Bachelors/Family,"Kalyan West, Thane",2 BHK Flat,Sq-ft,0,NA,2,NA,1,1,1,1,1,1,1,1,1,1,1,1,1,1,1,1,1,1,1,1,1,1,1,1,1,1,1,1,1,1,1,1,1,1,1,1,1,1,1,1,1,1,1,1,1,1,1,1,1,1,1,1,1,1,1,1,1,1,1,1,1,1,1,1,1,1,1,1,1,1,0,1,1,1,1,1,1,1,1,1,1,1,1,1,1,1,1,1,1,1,NA,NA,NA,NA,NA
12642,Under Construction,Dec '23,9,N,Rutu Group,KDMC,7,7000000,70 Lac,Vitrified,No/Rare Powercut,Monthly,0,100000,agrawal college,1010,Riverview Classic,6930,761,Kalyan West,NA,Sq-ft,Y,Freehold,Unfurnished,2,1 Open,North - East,"Garden/Park, Pool, Main Road",New Property,9 of 15 Floor,Apartment,Thane,2,Agent,15,Water Availability 24 Hours Available,F,1010,Sq-ft,Y,Bachelors/Family,"Kalyan West, Thane",2 BHK Flat,Sq-ft,0,NA,2,Y,1,1,1,1,1,1,1,1,1,1,1,1,1,1,1,1,1,1,1,1,1,1,1,1,1,1,1,1,1,1,1,1,1,1,1,1,1,1,1,1,1,1,1,1,1,1,1,1,1,1,1,1,1,1,1,1,1,1,1,1,1,1,1,1,1,1,1,1,1,1,1,1,1,1,1,1,1,1,1,1,1,1,1,1,1,1,1,1,1,1,NA,NA,NA,NA,NA
12641,Ready to Move,NA,4,N,Ajmera Realty & Infra India Ltd.,KDMC,1,4800000,48 Lac,Vitrified,No/Rare Powercut,Per sq. Unit Monthly,4,51000,Yogidham Road kalyan station 2.5km,711,Ajmera New Era,6751,460,Kalyan West,NA,Sq-ft,N,Freehold,Unfurnished,2,NA,North - East,Main Road,Resale,4 of 21 Floor,Apartment,Thane,1,Agent,21,Water Availability 2 Hours Available,F,711,Sq-ft,Y,Bachelors/Family,"Kalyan West, Thane",1 BHK Flat,Sq-ft,0,Less than 5 years,1,NA,1,1,1,1,1,1,1,1,1,1,1,1,1,1,1,1,1,1,1,1,1,1,1,1,1,1,1,1,1,1,1,1,1,1,1,1,1,1,1,1,1,1,1,1,1,1,1,1,1,1,1,1,1,1,1,1,1,1,1,1,1,1,1,1,1,1,1,0,1,1,1,1,1,1,1,1,1,1,1,1,1,1,1,1,1,1,1,1,1,1,NA,NA,NA,NA,NA
12640,Under Construction,Aug '25,20,N,Birla Estates,KDMC,50,9500000,95 Lac,"Ceramic Tiles,Granite,Marble,Marbonite,Mosaic,Vitrified,Wooden",No/Rare Powercut,Monthly,4500,100000,near by shahad station  birla college,1000,Birla Vanya,9500,661,Kalyan West,NA,Sq-ft,Y,Freehold,Semi-Furnished,2,1 Covered,North - West,"Garden/Park, Pool, Main Road",New Property,20 of 38 Floor,Apartment,Thane,2,Agent,38,Water Availability 24 Hours Available,F,1000,Sq-ft,Y,Bachelors/Family,"Kalyan West, Thane",2 BHK Flat,Sq-ft,0,NA,1,Y,1,1,1,1,1,1,1,1,1,1,1,1,1,1,1,1,1,1,1,1,1,1,1,1,1,1,1,1,1,1,1,1,1,1,1,1,1,1,1,1,1,1,1,1,1,1,1,1,1,1,1,1,1,1,1,1,1,1,1,1,1,1,1,1,1,1,1,1,1,1,1,1,1,1,1,1,1,1,1,1,1,1,1,1,1,1,1,1,1,1,NA,NA,NA,NA,NA
12639,Under Construction,Dec '24,18,N,Ajmera Realty & Infra India Ltd.,KDMC,10,7499000,75 Lac,"Ceramic Tiles,Granite,Marble,Vitrified",No/Rare Powercut,Monthly,0,45000,"KalyanMurbad Rd, opp. KDMC Bus Depo, Yogidham, Kalyan West, Kalyan,",709,One Kalyan,12415,709,Kalyan West,NA,Sq-ft,Y,Freehold,Unfurnished,2,1 Covered,North - East,"Garden/Park, Pool, Main Road",New Property,18 of 27 Floor,Apartment,Thane,2,Agent,27,Water Availability 24 Hours Available,F,709,Sq-ft,Y,Bachelors/Family,"Kalyan West, Thane",2 BHK Flat,Sq-ft,0,NA,2,Y,1,1,1,1,1,1,1,1,1,1,1,1,1,1,1,1,1,1,1,1,1,1,1,1,1,1,1,1,1,1,1,1,1,1,1,1,1,1,1,1,1,1,1,1,1,1,1,1,1,1,1,1,1,1,1,1,1,1,1,1,1,1,1,1,1,1,1,1,1,1,1,1,1,1,1,1,1,1,1,1,1,1,1,1,1,1,1,1,1,1,NA,NA,NA,NA,NA
12638,Ready to Move,Dec '22,5,N,Ajmera Realty & Infra India Ltd.,KDMC,2,4500000,45 Lac,Vitrified,No/Rare Powercut,Monthly,2200,51000,"Yogidham Area,Gholap Nagar,Kalyan West",675,Ajmera Bliss,6666,450,Kalyan West,East Facing Property,Sq-ft,Y,Freehold,Unfurnished,2,1 Open,East,"Garden/Park, Pool, Main Road",New Property,5 of 21 Floor,Apartment,Thane,1,Agent,21,Water Availability 24 Hours Available,F,675,Sq-ft,Y,Bachelors/Family,"Kalyan West, Thane",1 BHK Flat,Sq-ft,0,NA,3,NA,1,1,1,1,1,1,1,1,1,1,1,1,1,1,1,1,1,1,1,1,1,1,1,1,1,1,1,1,1,1,1,1,1,1,1,1,1,1,1,1,1,1,1,1,1,1,1,1,1,1,1,1,1,1,1,1,1,1,1,1,1,1,1,1,1,1,1,0,1,1,1,1,1,1,1,1,1,1,1,1,1,1,1,1,1,1,1,1,1,1,NA,NA,NA,NA,NA
12637,Under Construction,Jun '25,18,N,Godrej Properties,TMC,23,4300000,43 Lac,Vitrified,No/Rare Powercut,Yearly,0,50000,"Bhumi World - Industrial Park, Off, Mumbai - Nashik Expy, Maharashtra 421308",590,Godrej Upavan,7288,367,Kalyan West,East Facing Property,Sq-ft,N,Freehold,Unfurnished,2,1 Covered,East,"Garden/Park, Pool, Main Road",New Property,18 of 33 Floor,Apartment,Thane,1,Agent,33,Water Availability 24 Hours Available,F,590,Sq-ft,Y,Bachelors/Family,"Kalyan West, Thane",1 BHK Flat,Sq-ft,0,NA,NA,Y,1,1,1,1,1,1,1,1,1,1,1,1,1,1,1,1,1,1,1,1,1,1,1,1,1,1,1,1,1,1,1,1,1,1,1,1,1,1,1,1,1,1,1,1,1,1,1,1,1,1,1,1,1,1,1,1,1,1,1,1,1,1,1,1,1,1,1,1,1,1,1,1,1,1,1,1,1,1,1,1,1,1,1,1,1,1,1,1,1,1,NA,NA,NA,NA,NA
12636,Under Construction,Jan '24,11,N,Tycoons Group,ABADev,NA,3950000,39.5 Lac,Vitrified,No/Rare Powercut,Monthly,1200,51000,"Tycoons Square, near Birla School, Kalyan, Maharashtra 421301",NA,Tycoons Square,NA,390,Kalyan West,East Facing Property,NA,Y,Freehold,Furnished,2,"1 Covered, 1 Open",East,Garden/Park,New Property,11 of 29 Floor,Apartment,Thane,1,Agent,29,Water Availability 24 Hours Available,F,NA,Sq-ft,Y,Bachelors/Family,"Kalyan West, Thane",1 BHK Flat,NA,0,NA,1,NA,0,1,1,1,0,1,1,1,0,0,0,1,0,0,1,0,0,0,0,0,0,0,1,0,0,0,0,0,1,0,0,0,0,0,0,0,0,0,0,0,0,0,0,0,0,0,0,0,0,0,0,0,0,0,0,0,0,0,0,0,0,0,0,0,0,0,0,0,0,0,0,0,0,0,0,0,0,0,0,0,0,0,0,0,0,0,0,0,0,0,NA,NA,NA,NA,NA
12635,Ready to Move,Jan '23,21,N,Raunak Group,KDMC,NA,3600000,36 Lac,Vitrified,No/Rare Powercut,Monthly,NA,45000,Near Don Bosco School,645,Raunak Urban Centre,5581,467,Kalyan West,Near Don Bosco School,Sq-ft,Y,Freehold,Semi-Furnished,2,1 Open,North - East,"Garden/Park, Pool, Main Road",New Property,21 of 30 Floor,Apartment,Thane,1,Agent,30,Water Availability 24 Hours Available,F,645,Sq-ft,Y,Bachelors/Family,"Kalyan West, Thane",1 BHK Flat,Sq-ft,0,NA,2,NA,1,1,1,1,1,1,1,1,1,1,1,1,1,1,1,1,1,1,1,1,1,1,1,1,1,1,1,1,1,1,1,1,1,1,1,1,1,1,1,1,1,1,1,1,1,1,1,1,1,1,1,1,1,1,1,1,1,1,1,1,1,1,1,1,1,1,1,1,1,1,1,1,1,1,1,1,1,1,1,1,1,1,1,1,1,1,1,1,1,1,NA,Y,NA,NA,NA
12634,Ready to Move,NA,5,N,Vaishnavi Developers,ABAMNC,NA,3580000,35.8 Lac,Vitrified,NA,Monthly,1000,100000,Pari Hospital,650,Vaibhavi City,5508,460,Kalyan West,East Facing Property,Sq-ft,N,Freehold,Unfurnished,1,NA,East,"Garden/Park, Main Road",Resale,5 of 7 Floor,Apartment,Thane,1,Agent,7,NA,F,650,Sq-ft,Y,Bachelors/Family,"Kalyan West, Thane",1 BHK Flat,Sq-ft,0,New Construction,2,NA,1,1,1,1,1,1,1,1,1,1,1,1,1,1,1,1,1,1,1,1,1,1,1,1,1,1,1,1,1,1,1,1,1,1,1,1,1,1,1,1,1,1,1,1,1,1,1,1,1,1,1,1,1,1,1,1,1,1,1,1,1,1,1,1,1,1,1,0,1,1,1,1,1,1,1,1,1,1,1,1,1,1,1,1,1,1,1,1,1,1,NA,Y,NA,NA,NA
12633,Under Construction,Dec '24,7,N,NA,ABAMNC,2,14796000,1.47 Cr,"Granite,Marbonite,Wooden",No/Rare Powercut,Monthly,7000,100000,"Kalyan West,Kalyan Murbad Road",2160,NA,6850,1385,Kalyan West,East Facing Property,Sq-ft,Y,Freehold,Unfurnished,3,2 Covered,East,"Garden/Park, Pool, Main Road",New Property,7 of 36 Floor,Apartment,Thane,3,Agent,36,Water Availability 24 Hours Available,F,2160,Sq-ft,Y,Bachelors/Family,"Kalyan West, Thane",3 BHK Flat,Sq-ft,0,NA,4,Y,1,1,1,1,1,1,1,1,1,1,1,1,1,1,1,1,1,1,1,1,1,1,1,1,1,1,1,1,1,1,1,1,1,1,1,1,1,1,1,1,1,1,1,1,1,1,1,1,1,1,1,1,1,1,1,1,1,1,1,1,1,1,1,1,1,1,1,0,1,1,1,1,1,1,1,1,1,1,1,1,1,1,1,1,1,1,1,1,1,1,NA,NA,NA,NA,NA
12632,Under Construction,Dec '25,3,Y,NA,KDMC,12,4300000,43 Lac,Vitrified,No/Rare Powercut,Per sq. Unit Monthly,3,100000,Kalyan West Bapgaon.,854,NA,5035,505,Kalyan West,NA,Sq-ft,Y,Freehold,Unfurnished,2,1 Covered,East,"Garden/Park, Pool",New Property,3 of 14 Floor,Apartment,Thane,2,Agent,14,Water Availability 24 Hours Available,F,854,Sq-ft,Y,Bachelors/Family,"Kalyan West, Thane",2 BHK Flat,Sq-ft,0,NA,2,NA,1,1,1,1,1,1,1,1,1,1,1,1,1,1,1,1,1,1,1,1,1,1,1,1,1,1,1,1,1,1,1,1,1,1,1,1,1,1,1,1,1,1,1,1,1,1,1,1,1,1,1,1,1,1,1,1,1,1,1,1,1,1,1,1,1,1,1,1,1,1,1,1,1,1,1,1,1,1,1,1,1,1,1,1,1,1,1,1,1,1,NA,NA,NA,NA,NA
12631,Under Construction,Mar '26,10,N,NA,KDMC,12,4185500,41.9 Lac,Vitrified,No/Rare Powercut,Per sq. Unit Monthly,3,100000,Kalyan Station,384,NA,10899,384,Kalyan West,NA,Sq-ft,Y,Freehold,Unfurnished,2,1 Covered,East,"Garden/Park, Pool",New Property,10 of 23 Floor,Apartment,Thane,1,Agent,23,Water Availability 24 Hours Available,F,384,Sq-ft,Y,Bachelors/Family,"Kalyan West, Thane",1 BHK Flat,Sq-ft,0,NA,2,NA,1,1,1,1,1,1,1,1,1,1,1,1,1,1,1,1,1,1,1,1,1,1,1,1,1,1,1,1,1,1,1,1,1,1,1,1,1,1,1,1,1,1,1,1,1,1,1,1,1,1,1,1,1,1,1,1,1,1,1,1,1,1,1,1,1,1,1,1,1,1,1,1,1,1,1,1,1,1,1,1,1,1,1,1,1,1,1,1,1,1,NA,NA,NA,NA,NA
12630,Ready to Move,NA,3,N,NA,NA,NA,2400000,24 Lac,NA,NA,NA,NA,NA,NA,675,NA,3556,NA,Kalyan West,NA,Sq-ft,Y,NA,Unfurnished,2,NA,NA,NA,Resale,3 of 3 Floor,Apartment,Thane,2,Owner,3,NA,F,675,NA,Y,Bachelors/Family,"Kalyan West, Thane",2 BHK Flat,Sq-ft,0,NA,NA,NA,0,0,0,0,0,0,0,0,0,0,0,0,0,0,0,0,0,0,0,0,0,0,0,0,0,0,0,0,0,0,0,0,0,0,0,0,0,0,0,0,0,0,0,0,0,0,0,0,0,0,0,0,0,0,0,0,0,0,0,0,0,0,0,0,0,0,0,0,0,0,0,0,0,0,0,0,0,0,0,0,0,0,0,0,0,0,0,0,0,0,NA,NA,NA,NA,NA
12629,Ready to Move,NA,3,N,NA,NA,NA,2000000,20 Lac,Ceramic Tiles,NA,NA,NA,NA,Behind Aditya lodge Jay Malhar Nagar Bapgaon,605,NA,3306,NA,Kalyan West,East Facing Property,Sq-ft,Y,Freehold,Unfurnished,1,NA,East,NA,Resale,3 of 3 Floor,Apartment,Thane,1,Owner,3,NA,F,605,NA,Y,Bachelors/Family,"Kalyan West, Thane",1 BHK Flat,Sq-ft,0,Less than 5 years,3,NA,1,1,1,1,1,1,1,1,1,1,1,1,1,1,1,1,1,1,1,1,1,1,1,1,1,1,1,1,1,1,1,1,1,1,1,1,1,1,1,1,1,1,1,1,1,1,1,1,1,1,1,1,1,1,1,1,1,1,1,1,1,1,1,1,1,1,1,1,1,1,1,1,1,1,1,1,1,1,1,1,1,1,1,1,1,1,1,1,1,1,NA,NA,NA,NA,NA
12628,Ready to Move,NA,NA,N,NA,NA,NA,2500000,25 Lac,NA,NA,NA,NA,NA,NA,620,NA,4032,NA,Kalyan West,NA,Sq-ft,Y,NA,Furnished,2,NA,NA,NA,Resale,NA,Residential House,Thane,2,Owner,NA,NA,F,620,NA,Y,Bachelors/Family,NA,NA,Sq-ft,0,Less than 5 years,1,NA,0,0,0,0,0,0,0,0,0,0,0,0,0,0,0,0,0,0,0,0,0,0,0,0,0,0,0,0,0,0,0,0,0,0,0,0,0,0,0,0,0,0,0,0,0,0,0,0,0,0,0,0,0,0,0,0,0,0,0,0,0,0,0,0,0,0,0,0,0,0,0,0,0,0,0,0,0,0,0,0,0,0,0,0,0,0,0,0,0,0,NA,NA,300,12850,NA
12627,Under Construction,NA,1,N,Mutha Construction,NA,NA,4000000,40 Lac,NA,NA,NA,NA,NA,NA,785,Sai Nirvana,5096,NA,Kalyan West,NA,Sq-ft,N,NA,Unfurnished,2,NA,NA,NA,Resale,1 of 4 Floor,Apartment,Thane,1,Owner,4,NA,F,785,NA,Y,Bachelors/Family,"Kalyan West, Thane",1 BHK Flat,Sq-ft,0,NA,NA,NA,0,0,0,0,0,0,0,0,0,0,0,0,0,0,0,0,0,0,0,0,0,0,0,0,0,0,0,0,0,0,0,0,0,0,0,0,0,0,0,0,0,0,0,0,0,0,0,0,0,0,0,0,0,0,0,0,0,0,0,0,0,0,0,0,0,0,0,0,0,0,0,0,0,0,0,0,0,0,0,0,0,0,0,0,0,0,0,0,0,0,NA,NA,NA,NA,NA
12626,Ready to Move,NA,12,N,Ajmera Realty & Infra India Ltd.,NA,NA,5000000,50 Lac,NA,NA,Monthly,NA,NA,NA,711,Ajmera New Era,7032,NA,Kalyan West,NA,Sq-ft,N,NA,Semi-Furnished,2,NA,NA,NA,Resale,12 of 21 Floor,Apartment,Thane,1,Owner,21,NA,F,711,NA,Y,Bachelors/Family,"Kalyan West, Thane",1 BHK Flat,Sq-ft,0,New Construction,NA,NA,0,0,0,0,0,0,0,0,0,0,0,0,0,0,0,0,0,0,0,0,0,0,0,0,0,0,0,0,0,0,0,0,0,0,0,0,0,0,0,0,0,0,0,0,0,0,0,0,0,0,0,0,0,0,0,0,0,0,0,0,0,0,0,0,0,0,0,0,0,0,0,0,0,0,0,0,0,0,0,0,0,0,0,0,0,0,0,0,0,0,NA,NA,NA,NA,NA
12625,Under Construction,NA,9,N,Godrej Properties,NA,NA,9500000,95 Lac,NA,NA,NA,NA,NA,NA,675,Godrej Nirvaan,14074,NA,Kalyan West,NA,Sq-ft,N,NA,Semi-Furnished,2,NA,NA,NA,Resale,9 of 21 Floor,Apartment,Thane,2,Owner,21,NA,F,675,NA,N,Bachelors/Family,"Kalyan West, Thane",2 BHK Flat,Sq-ft,0,NA,NA,NA,0,0,0,0,0,0,0,0,0,0,0,0,0,0,0,0,0,0,0,0,0,0,0,0,0,0,0,0,0,0,0,0,0,0,0,0,0,0,0,0,0,0,0,0,0,0,0,0,0,0,0,0,0,0,0,0,0,0,0,0,0,0,0,0,0,0,0,0,0,0,0,0,0,0,0,0,0,0,0,0,0,0,0,0,0,0,0,0,0,0,NA,NA,NA,NA,NA
12624,Ready to Move,NA,7,N,Madhav Constructions,NA,NA,6000000,60 Lac,Marble,NA,NA,NA,NA,Near Axis Bank. Khadakpada west,870,Madhav Shristi,6897,600,Kalyan West,Near Axis Bank. Khadakpada west,Sq-ft,N,NA,Semi-Furnished,2,NA,South - East,Garden/Park,Resale,7 of 7 Floor,Apartment,Thane,2,Owner,7,NA,F,870,Sq-ft,N,Bachelors/Family,"Kalyan West, Thane",2 BHK Flat,Sq-ft,0,5 to 10 years,NA,NA,1,1,0,1,0,0,1,0,1,0,0,0,0,0,0,0,0,0,0,0,0,0,0,0,0,0,0,0,0,0,0,0,0,0,0,0,0,0,0,0,0,0,0,0,0,0,0,0,0,0,0,0,0,0,0,0,0,0,0,0,0,0,0,0,0,0,0,0,0,0,0,0,0,0,0,0,0,0,0,0,0,0,0,0,0,0,0,0,0,0,NA,NA,NA,NA,NA
12623,Ready to Move,NA,4,N,Raunak Group,NA,NA,4000000,40 Lac,NA,NA,NA,NA,NA,NA,580,Raunak City 2,6897,NA,Kalyan West,NA,Sq-ft,N,NA,Semi-Furnished,1,NA,NA,NA,Resale,4 of 15 Floor,Apartment,Thane,1,Owner,15,NA,F,580,NA,N,Bachelors/Family,"Kalyan West, Thane",1 BHK Flat,Sq-ft,0,NA,NA,NA,0,0,0,0,0,0,0,0,0,0,0,0,0,0,0,0,0,0,0,0,0,0,0,0,0,0,0,0,0,0,0,0,0,0,0,0,0,0,0,0,0,0,0,0,0,0,0,0,0,0,0,0,0,0,0,0,0,0,0,0,0,0,0,0,0,0,0,0,0,0,0,0,0,0,0,0,0,0,0,0,0,0,0,0,0,0,0,0,0,0,NA,NA,NA,NA,NA
12622,Ready to Move,NA,2,N,Shree Vasturachna Developers,NA,NA,3400000,34 Lac,NA,NA,NA,NA,NA,NA,780,Vrundavan,4359,NA,Kalyan West,NA,Sq-ft,N,NA,Unfurnished,2,NA,NA,NA,Resale,2 of 5 Floor,Apartment,Thane,2,Owner,5,NA,F,780,NA,N,Bachelors/Family,"Kalyan West, Thane",2 BHK Flat,Sq-ft,0,NA,NA,NA,0,0,0,0,0,0,0,0,0,0,0,0,0,0,0,0,0,0,0,0,0,0,0,0,0,0,0,0,0,0,0,0,0,0,0,0,0,0,0,0,0,0,0,0,0,0,0,0,0,0,0,0,0,0,0,0,0,0,0,0,0,0,0,0,0,0,0,0,0,0,0,0,0,0,0,0,0,0,0,0,0,0,0,0,0,0,0,0,0,0,NA,NA,NA,NA,NA
12621,Ready to Move,NA,6,N,NA,KDMC,0,4300000,43 Lac,Vitrified,No/Rare Powercut,NA,NA,NA,NA,615,NA,6992,NA,Kalyan West,East Facing Property,Sq-ft,N,Co-operative Society,Unfurnished,1,NA,East,Main Road,Resale,6 of 7 Floor,Apartment,Thane,1,Owner,7,Water Availability 24 Hours Available,F,615,NA,N,Bachelors/Family,"Kalyan West, Thane",1 BHK Flat,Sq-ft,0,NA,NA,NA,1,1,0,0,0,0,1,0,1,1,0,0,0,0,0,0,0,0,0,0,0,0,0,0,0,0,0,0,0,0,0,0,0,0,0,0,0,0,0,0,0,0,0,0,0,0,0,0,0,0,0,0,0,0,0,0,0,0,0,0,0,0,0,0,0,0,0,0,0,0,0,0,0,0,0,0,0,0,0,0,0,0,0,0,0,0,0,0,0,0,NA,NA,NA,NA,NA
12620,Ready to Move,NA,12,N,Osho Dhara Developers,NA,NA,7000000,70 Lac,NA,NA,NA,NA,NA,NA,1200,Osho Dhara Residency,5833,NA,Kalyan West,NA,Sq-ft,N,NA,Furnished,2,NA,NA,NA,Resale,12 of 13 Floor,Apartment,Thane,2,Owner,13,NA,F,1200,NA,N,Bachelors/Family,"Kalyan West, Thane",2 BHK Flat,Sq-ft,0,NA,NA,NA,0,0,0,0,0,0,0,0,0,0,0,0,0,0,0,0,0,0,0,0,0,0,0,0,0,0,0,0,0,0,0,0,0,0,0,0,0,0,0,0,0,0,0,0,0,0,0,0,0,0,0,0,0,0,0,0,0,0,0,0,0,0,0,0,0,0,0,0,0,0,0,0,0,0,0,0,0,0,0,0,0,0,0,0,0,0,0,0,0,0,NA,NA,NA,NA,NA
12619,Ready to Move,NA,2,N,Kashish Park Realtors,NA,NA,3500000,35 Lac,NA,NA,NA,NA,NA,NA,445,Om Heights,7865,NA,Kalyan West,NA,Sq-ft,N,NA,Semi-Furnished,1,NA,NA,NA,Resale,2 of 6 Floor,Apartment,Thane,1,Owner,6,NA,F,445,NA,N,Bachelors/Family,"Kalyan West, Thane",1 BHK Flat,Sq-ft,0,NA,NA,NA,0,0,0,0,0,0,0,0,0,0,0,0,0,0,0,0,0,0,0,0,0,0,0,0,0,0,0,0,0,0,0,0,0,0,0,0,0,0,0,0,0,0,0,0,0,0,0,0,0,0,0,0,0,0,0,0,0,0,0,0,0,0,0,0,0,0,0,0,0,0,0,0,0,0,0,0,0,0,0,0,0,0,0,0,0,0,0,0,0,0,NA,NA,NA,NA,NA
12618,Under Construction,NA,4,N,Mahavir Builders,NA,NA,3000000,30 Lac,NA,NA,NA,NA,NA,NA,650,Mahavir Heights,4615,NA,Kalyan West,NA,Sq-ft,N,NA,Semi-Furnished,1,1 Covered,NA,NA,Resale,4 of 7 Floor,Apartment,Thane,1,Owner,7,NA,F,650,NA,N,Bachelors/Family,"Kalyan West, Thane",1 BHK Flat,Sq-ft,0,NA,2,NA,0,0,0,0,0,0,0,0,0,0,0,0,0,0,0,0,0,0,0,0,0,0,0,0,0,0,0,0,0,0,0,0,0,0,0,0,0,0,0,0,0,0,0,0,0,0,0,0,0,0,0,0,0,0,0,0,0,0,0,0,0,0,0,0,0,0,0,0,0,0,0,0,0,0,0,0,0,0,0,0,0,0,0,0,0,0,0,0,0,0,NA,NA,NA,NA,NA
12617,Ready to Move,NA,1,N,Saisatyam Group,NA,NA,4100000,41 Lac,NA,NA,NA,NA,NA,NA,671,Saisatyam Residency,6110,NA,Kalyan West,NA,Sq-ft,N,NA,Furnished,1,NA,NA,NA,Resale,1 of 7 Floor,Apartment,Thane,1,Owner,7,NA,F,671,NA,N,Bachelors/Family,"Kalyan West, Thane",1 BHK Flat,Sq-ft,0,NA,NA,NA,0,0,0,0,0,0,0,0,0,0,0,0,0,0,0,0,0,0,0,0,0,0,0,0,0,0,0,0,0,0,0,0,0,0,0,0,0,0,0,0,0,0,0,0,0,0,0,0,0,0,0,0,0,0,0,0,0,0,0,0,0,0,0,0,0,0,0,0,0,0,0,0,0,0,0,0,0,0,0,0,0,0,0,0,0,0,0,0,0,0,NA,NA,NA,NA,NA
12616,Under Construction,NA,20,N,Mutha Construction,NA,NA,9000000,90 Lac,NA,NA,NA,NA,NA,NA,1085,Sai Nirvana,8295,NA,Kalyan West,NA,Sq-ft,N,NA,Unfurnished,2,NA,NA,NA,Resale,20 of 32 Floor,Apartment,Thane,2,Owner,32,NA,F,1085,NA,N,Bachelors/Family,"Kalyan West, Thane",2 BHK Flat,Sq-ft,0,NA,NA,NA,0,0,0,0,0,0,0,0,0,0,0,0,0,0,0,0,0,0,0,0,0,0,0,0,0,0,0,0,0,0,0,0,0,0,0,0,0,0,0,0,0,0,0,0,0,0,0,0,0,0,0,0,0,0,0,0,0,0,0,0,0,0,0,0,0,0,0,0,0,0,0,0,0,0,0,0,0,0,0,0,0,0,0,0,0,0,0,0,0,0,NA,NA,NA,NA,NA
12615,Under Construction,Jun '23,11,N,Godrej Properties,NA,NA,8200000,82 Lac,NA,NA,NA,NA,NA,NA,689,Godrej Nirvaan,11901,633,Kalyan West,NA,Sq-ft,N,NA,Unfurnished,2,NA,NA,NA,Resale,11 of 25 Floor,Apartment,Thane,1,Owner,25,NA,F,689,Sq-ft,N,Bachelors/Family,"Kalyan West, Thane",1 BHK Flat,Sq-ft,0,NA,1,NA,0,0,0,0,0,0,0,0,0,0,0,0,0,0,0,0,0,0,0,0,0,0,0,0,0,0,0,0,0,0,0,0,0,0,0,0,0,0,0,0,0,0,0,0,0,0,0,0,0,0,0,0,0,0,0,0,0,0,0,0,0,0,0,0,0,0,0,0,0,0,0,0,0,0,0,0,0,0,0,0,0,0,0,0,0,0,0,0,0,0,NA,NA,NA,NA,NA
12614,Ready to Move,NA,5,N,Mehta Group,NA,NA,4500000,45 Lac,NA,NA,NA,NA,NA,NA,545,Amrut Pearl,8257,NA,Kalyan West,NA,Sq-ft,N,NA,Semi-Furnished,2,NA,NA,NA,Resale,5 of 8 Floor,Apartment,Thane,1,Owner,8,NA,F,545,NA,N,Bachelors/Family,"Kalyan West, Thane",1 BHK Flat,Sq-ft,0,NA,NA,NA,0,0,0,0,0,0,0,0,0,0,0,0,0,0,0,0,0,0,0,0,0,0,0,0,0,0,0,0,0,0,0,0,0,0,0,0,0,0,0,0,0,0,0,0,0,0,0,0,0,0,0,0,0,0,0,0,0,0,0,0,0,0,0,0,0,0,0,0,0,0,0,0,0,0,0,0,0,0,0,0,0,0,0,0,0,0,0,0,0,0,NA,NA,NA,NA,NA
12613,Ready to Move,NA,4,N,M S Developers,NA,NA,5600000,56 Lac,NA,NA,Monthly,2087,NA,NA,805,Vrindavan Garden,6957,NA,Kalyan West,NA,Sq-ft,N,NA,Furnished,2,NA,NA,NA,Resale,4 of 7 Floor,Residential House,Thane,2,Owner,7,NA,F,805,NA,N,Bachelors/Family,NA,NA,Sq-ft,0,Less than 5 years,NA,NA,0,0,0,0,0,0,0,0,0,0,0,0,0,0,0,0,0,0,0,0,0,0,0,0,0,0,0,0,0,0,0,0,0,0,0,0,0,0,0,0,0,0,0,0,0,0,0,0,0,0,0,0,0,0,0,0,0,0,0,0,0,0,0,0,0,0,0,0,0,0,0,0,0,0,0,0,0,0,0,0,0,0,0,0,0,0,0,0,0,0,NA,NA,NA,NA,NA
12612,Ready to Move,NA,2,N,Haware Engineers & Builders Pvt Ltd,NA,NA,2800000,28 Lac,NA,NA,Yearly,14000,NA,NA,603,Haware Pinnacle,4644,392,Kalyan West,Newly Constructed Property,Sq-ft,Y,NA,Unfurnished,1,NA,NA,NA,New Property,2 of 4 Floor,Apartment,Thane,1,Owner,4,NA,F,603,Sq-ft,N,Bachelors/Family,"Kalyan West, Thane",1 BHK Flat,Sq-ft,0,New Construction,2,NA,0,0,0,0,0,0,0,0,0,0,0,0,0,0,0,0,0,0,0,0,0,0,0,0,0,0,0,0,0,0,0,0,0,0,0,0,0,0,0,0,0,0,0,0,0,0,0,0,0,0,0,0,0,0,0,0,0,0,0,0,0,0,0,0,0,0,0,0,0,0,0,0,0,0,0,0,0,0,0,0,0,0,0,0,0,0,0,0,0,0,NA,NA,NA,NA,NA
12611,Ready to Move,NA,21,N,Raunak Group,NA,NA,3500000,35 Lac,NA,NA,NA,NA,NA,NA,615,Raunak City Sector 4,5691,NA,Kalyan West,NA,Sq-ft,N,NA,Unfurnished,1,NA,NA,NA,Resale,21 of 22 Floor,Apartment,Thane,1,Owner,22,NA,F,615,NA,N,Bachelors/Family,"Kalyan West, Thane",1 BHK Flat,Sq-ft,0,NA,NA,NA,0,0,0,0,0,0,0,0,0,0,0,0,0,0,0,0,0,0,0,0,0,0,0,0,0,0,0,0,0,0,0,0,0,0,0,0,0,0,0,0,0,0,0,0,0,0,0,0,0,0,0,0,0,0,0,0,0,0,0,0,0,0,0,0,0,0,0,0,0,0,0,0,0,0,0,0,0,0,0,0,0,0,0,0,0,0,0,0,0,0,NA,NA,NA,NA,NA
12610,Ready to Move,NA,11,N,Gurukrupa Group,NA,NA,7000000,70 Lac,NA,NA,NA,NA,NA,NA,970,Guru Atman,7216,NA,Kalyan West,NA,Sq-ft,N,NA,Furnished,2,NA,NA,NA,Resale,11 of 19 Floor,Apartment,Thane,2,Owner,19,NA,F,970,NA,N,Bachelors/Family,"Kalyan West, Thane",2 BHK Flat,Sq-ft,0,NA,NA,NA,0,0,0,0,0,0,0,0,0,0,0,0,0,0,0,0,0,0,0,0,0,0,0,0,0,0,0,0,0,0,0,0,0,0,0,0,0,0,0,0,0,0,0,0,0,0,0,0,0,0,0,0,0,0,0,0,0,0,0,0,0,0,0,0,0,0,0,0,0,0,0,0,0,0,0,0,0,0,0,0,0,0,0,0,0,0,0,0,0,0,NA,NA,NA,NA,NA
12609,Ready to Move,NA,8,N,Charms Group,NA,NA,3900000,39 Lac,NA,NA,NA,NA,NA,NA,660,Charms Heritage,5909,NA,Kalyan West,NA,Sq-ft,N,NA,Semi-Furnished,1,NA,NA,NA,Resale,8 of 11 Floor,Apartment,Thane,1,Owner,11,NA,F,660,NA,N,Bachelors/Family,"Kalyan West, Thane",1 BHK Flat,Sq-ft,0,NA,NA,NA,0,0,0,0,0,0,0,0,0,0,0,0,0,0,0,0,0,0,0,0,0,0,0,0,0,0,0,0,0,0,0,0,0,0,0,0,0,0,0,0,0,0,0,0,0,0,0,0,0,0,0,0,0,0,0,0,0,0,0,0,0,0,0,0,0,0,0,0,0,0,0,0,0,0,0,0,0,0,0,0,0,0,0,0,0,0,0,0,0,0,NA,NA,NA,NA,NA
12608,Ready to Move,NA,7,N,Mehta Group,NA,NA,4500000,45 Lac,NA,NA,NA,NA,NA,NA,765,Amrut Pearl,5882,NA,Kalyan West,NA,Sq-ft,N,NA,Semi-Furnished,2,NA,NA,NA,Resale,7 of 14 Floor,Apartment,Thane,1,Owner,14,NA,F,765,NA,N,Bachelors/Family,"Kalyan West, Thane",1 BHK Flat,Sq-ft,0,NA,NA,NA,0,0,0,0,0,0,0,0,0,0,0,0,0,0,0,0,0,0,0,0,0,0,0,0,0,0,0,0,0,0,0,0,0,0,0,0,0,0,0,0,0,0,0,0,0,0,0,0,0,0,0,0,0,0,0,0,0,0,0,0,0,0,0,0,0,0,0,0,0,0,0,0,0,0,0,0,0,0,0,0,0,0,0,0,0,0,0,0,0,0,NA,NA,NA,NA,NA
12607,Ready to Move,NA,7,N,Honest Developers,NA,NA,5500000,55 Lac,NA,NA,NA,NA,NA,NA,571,Kalyan Nagari,9632,NA,Kalyan West,NA,Sq-ft,N,NA,Semi-Furnished,1,NA,NA,NA,Resale,7 of 8 Floor,Apartment,Thane,1,Owner,8,NA,F,571,NA,N,Bachelors/Family,"Kalyan West, Thane",1 BHK Flat,Sq-ft,0,NA,NA,NA,0,0,0,0,0,0,0,0,0,0,0,0,0,0,0,0,0,0,0,0,0,0,0,0,0,0,0,0,0,0,0,0,0,0,0,0,0,0,0,0,0,0,0,0,0,0,0,0,0,0,0,0,0,0,0,0,0,0,0,0,0,0,0,0,0,0,0,0,0,0,0,0,0,0,0,0,0,0,0,0,0,0,0,0,0,0,0,0,0,0,NA,NA,NA,NA,NA
12606,Ready to Move,NA,7,N,NA,NA,NA,6000000,60 Lac,NA,NA,NA,NA,NA,NA,750,Lotus Tower,8000,NA,Kalyan West,NA,Sq-ft,N,NA,Semi-Furnished,2,NA,NA,NA,Resale,7 of 8 Floor,Apartment,Thane,2,Owner,8,NA,F,750,NA,Y,Bachelors/Family,"Kalyan West, Thane",2 BHK Flat,Sq-ft,0,NA,NA,NA,0,0,0,0,0,0,0,0,0,0,0,0,0,0,0,0,0,0,0,0,0,0,0,0,0,0,0,0,0,0,0,0,0,0,0,0,0,0,0,0,0,0,0,0,0,0,0,0,0,0,0,0,0,0,0,0,0,0,0,0,0,0,0,0,0,0,0,0,0,0,0,0,0,0,0,0,0,0,0,0,0,0,0,0,0,0,0,0,0,0,NA,NA,NA,NA,NA
12605,Ready to Move,NA,9,N,Honest Developers,NA,NA,3500000,35 Lac,NA,NA,NA,NA,50000,NA,501,Kalyan Nagari,6986,363,Kalyan West,NA,Sq-ft,N,NA,Semi-Furnished,2,NA,NA,NA,Resale,9 of 9 Floor,Apartment,Thane,1,Owner,9,NA,F,501,Sq-ft,Y,Bachelors/Family,"Kalyan West, Thane",1 BHK Flat,Sq-ft,0,New Construction,3,NA,0,0,0,0,0,0,0,0,0,0,0,0,0,0,0,0,0,0,0,0,0,0,0,0,0,0,0,0,0,0,0,0,0,0,0,0,0,0,0,0,0,0,0,0,0,0,0,0,0,0,0,0,0,0,0,0,0,0,0,0,0,0,0,0,0,0,0,0,0,0,0,0,0,0,0,0,0,0,0,0,0,0,0,0,0,0,0,0,0,0,NA,NA,NA,NA,NA
12604,Ready to Move,NA,3,N,NA,NA,NA,7000000,70 Lac,NA,NA,NA,NA,NA,NA,963,NA,7269,NA,Kalyan West,NA,Sq-ft,N,NA,Furnished,2,NA,NA,NA,Resale,3 of 3 Floor,Apartment,Kalyan,3,Owner,3,NA,F,963,NA,Y,Bachelors/Family,"Kalyan West, Kalyan",3 BHK Flat,Sq-ft,0,Above 20 years,NA,NA,0,0,0,0,0,0,0,0,0,0,0,0,0,0,0,0,0,0,0,0,0,0,0,0,0,0,0,0,0,0,0,0,0,0,0,0,0,0,0,0,0,0,0,0,0,0,0,0,0,0,0,0,0,0,0,0,0,0,0,0,0,0,0,0,0,0,0,0,0,0,0,0,0,0,0,0,0,0,0,0,0,0,0,0,0,0,0,0,0,0,NA,NA,NA,NA,NA
12603,Ready to Move,NA,4,N,Kashish Park Realtors,NA,NA,7800000,78 Lac,NA,NA,NA,NA,NA,NA,1044,Om Heights,7471,NA,Kalyan West,NA,Sq-ft,N,NA,Semi-Furnished,2,NA,NA,NA,Resale,4 of 12 Floor,Apartment,Thane,3,Owner,12,NA,F,1044,NA,Y,Bachelors/Family,"Kalyan West, Thane",3 BHK Flat,Sq-ft,0,NA,NA,NA,0,0,0,0,0,0,0,0,0,0,0,0,0,0,0,0,0,0,0,0,0,0,0,0,0,0,0,0,0,0,0,0,0,0,0,0,0,0,0,0,0,0,0,0,0,0,0,0,0,0,0,0,0,0,0,0,0,0,0,0,0,0,0,0,0,0,0,0,0,0,0,0,0,0,0,0,0,0,0,0,0,0,0,0,0,0,0,0,0,0,NA,NA,NA,NA,NA
12602,Ready to Move,NA,3,N,Haware Engineers & Builders Pvt Ltd,NA,NA,3500000,35 Lac,NA,NA,NA,NA,NA,NA,608,Haware Pinnacle,5757,NA,Kalyan West,NA,Sq-ft,N,NA,Unfurnished,1,NA,NA,NA,Resale,3 of 5 Floor,Apartment,Thane,1,Owner,5,NA,F,608,NA,Y,Bachelors/Family,"Kalyan West, Thane",1 BHK Flat,Sq-ft,0,New Construction,1,NA,0,0,0,0,0,0,0,0,0,0,0,0,0,0,0,0,0,0,0,0,0,0,0,0,0,0,0,0,0,0,0,0,0,0,0,0,0,0,0,0,0,0,0,0,0,0,0,0,0,0,0,0,0,0,0,0,0,0,0,0,0,0,0,0,0,0,0,0,0,0,0,0,0,0,0,0,0,0,0,0,0,0,0,0,0,0,0,0,0,0,NA,NA,NA,NA,NA
12601,Ready to Move,NA,7,N,M. S. Developers,NA,NA,3700000,37 Lac,NA,NA,NA,NA,NA,NA,750,Vrindavan Shrushti,4933,493,Kalyan West,NA,Sq-ft,N,NA,Semi-Furnished,1,NA,NA,NA,Resale,7 of 14 Floor,Apartment,Thane,1,Owner,14,NA,F,750,Sq-ft,Y,Bachelors/Family,"Kalyan West, Thane",1 BHK Flat,Sq-ft,0,Less than 5 years,1,NA,0,0,0,0,0,0,0,0,0,0,0,0,0,0,0,0,0,0,0,0,0,0,0,0,0,0,0,0,0,0,0,0,0,0,0,0,0,0,0,0,0,0,0,0,0,0,0,0,0,0,0,0,0,0,0,0,0,0,0,0,0,0,0,0,0,0,0,0,0,0,0,0,0,0,0,0,0,0,0,0,0,0,0,0,0,0,0,0,0,0,NA,NA,NA,NA,NA
12600,Ready to Move,NA,1,N,Haware Engineers & Builders Pvt Ltd,NA,NA,3200000,32 Lac,NA,NA,Monthly,NA,NA,NA,603,Haware Pinnacle,5307,NA,Kalyan West,Newly Constructed Property,Sq-ft,Y,NA,Unfurnished,1,NA,NA,NA,New Property,1 of 4 Floor,Apartment,Thane,1,Owner,4,NA,F,603,NA,Y,Bachelors/Family,"Kalyan West, Thane",1 BHK Flat,Sq-ft,0,New Construction,2,NA,0,0,0,0,0,0,0,0,0,0,0,0,0,0,0,0,0,0,0,0,0,0,0,0,0,0,0,0,0,0,0,0,0,0,0,0,0,0,0,0,0,0,0,0,0,0,0,0,0,0,0,0,0,0,0,0,0,0,0,0,0,0,0,0,0,0,0,0,0,0,0,0,0,0,0,0,0,0,0,0,0,0,0,0,0,0,0,0,0,0,NA,NA,NA,NA,NA
12599,Under Construction,Jul '25,NA,Y,Tycoons Group,NA,NA,4499000,45 Lac,NA,No/Rare Powercut,NA,NA,NA,NA,NA,Tycoons Square,NA,421,Kalyan West,NA,NA,N,NA,Unfurnished,2,1 Covered,NA,NA,New Property,NA,Apartment,Thane,1,Builder,NA,Water Availability 24 Hours Available,F,NA,Sq-ft,Y,Bachelors/Family,"Kalyan West, Thane",1 BHK Flat,NA,0,NA,NA,NA,0,0,0,0,0,0,0,0,0,0,0,0,0,0,0,0,0,0,0,0,0,0,0,0,0,0,0,0,0,0,0,0,0,0,0,0,0,0,0,0,0,0,0,0,0,0,0,0,0,0,0,0,0,0,0,0,0,0,0,0,0,0,0,0,0,0,0,0,0,0,0,0,0,0,0,0,0,0,0,0,0,0,0,0,0,0,0,0,0,0,NA,NA,NA,NA,NA
12598,Ready to Move,NA,1,N,Raunak Group,NA,NA,4300000,43 Lac,NA,NA,NA,NA,NA,NA,640,Raunak City Sector 4,6719,NA,Kalyan West,NA,Sq-ft,N,NA,Semi-Furnished,1,NA,NA,NA,Resale,1 of 22 Floor,Apartment,Thane,1,Owner,22,NA,F,640,NA,Y,Bachelors/Family,"Kalyan West, Thane",1 BHK Flat,Sq-ft,0,NA,NA,NA,0,0,0,0,0,0,0,0,0,0,0,0,0,0,0,0,0,0,0,0,0,0,0,0,0,0,0,0,0,0,0,0,0,0,0,0,0,0,0,0,0,0,0,0,0,0,0,0,0,0,0,0,0,0,0,0,0,0,0,0,0,0,0,0,0,0,0,0,0,0,0,0,0,0,0,0,0,0,0,0,0,0,0,0,0,0,0,0,0,0,NA,NA,NA,NA,NA
12597,Ready to Move,NA,1,N,Nirmal Lifestyle Ltd.,NA,NA,3451500,34.5 Lac,NA,NA,Monthly,1000,NA,NA,585,Lifestyle City,5900,455,Kalyan West,Newly Constructed Property,Sq-ft,Y,NA,Semi-Furnished,2,"1 Covered, 1 Open",NA,NA,New Property,1 of 15 Floor,Apartment,Thane,1,Owner,15,NA,F,585,Sq-ft,Y,Bachelors/Family,"Kalyan West, Thane",1 BHK Flat,Sq-ft,0,New Construction,1,NA,0,0,0,0,0,0,0,0,0,0,0,0,0,0,0,0,0,0,0,0,0,0,0,0,0,0,0,0,0,0,0,0,0,0,0,0,0,0,0,0,0,0,0,0,0,0,0,0,0,0,0,0,0,0,0,0,0,0,0,0,0,0,0,0,0,0,0,0,0,0,0,0,0,0,0,0,0,0,0,0,0,0,0,0,0,0,0,0,0,0,NA,NA,NA,NA,NA
12596,Ready to Move,NA,5,Y,Raunak Group,NA,NA,4050000,40.5 Lac,NA,NA,NA,NA,NA,NA,624,Raunak City 3,6490,NA,Kalyan West,East Facing Property,Sq-ft,N,NA,Semi-Furnished,1,NA,East,NA,Resale,5 of 7 Floor,Apartment,Thane,1,Owner,7,NA,F,624,NA,Y,Bachelors/Family,"Kalyan West, Thane",1 BHK Flat,Sq-ft,0,NA,NA,NA,0,0,0,0,0,0,0,0,0,0,0,0,0,0,0,0,0,0,0,0,0,0,0,0,0,0,0,0,0,0,0,0,0,0,0,0,0,0,0,0,0,0,0,0,0,0,0,0,0,0,0,0,0,0,0,0,0,0,0,0,0,0,0,0,0,0,0,0,0,0,0,0,0,0,0,0,0,0,0,0,0,0,0,0,0,0,0,0,0,0,NA,NA,NA,NA,NA
12595,Ready to Move,NA,17,Y,NA,ABAMNC,0,7400000,74 Lac,Vitrified,No/Rare Powercut,Monthly,2934,500000,D Mart Ready,980,Yogi Dham Phase III,7551,685,Kalyan West,NA,Sq-ft,N,Freehold,Semi-Furnished,2,NA,West,Garden/Park,Resale,17 of 19 Floor,Apartment,Thane,2,Owner,19,Water Availability 24 Hours Available,F,980,Sq-ft,N,Bachelors/Family,"Kalyan West, Thane",2 BHK Flat,Sq-ft,0,New Construction,1,NA,1,1,0,1,1,1,1,0,1,1,0,0,0,0,1,1,1,0,0,1,0,0,0,0,0,0,0,0,0,0,0,0,0,0,0,0,0,0,0,0,0,0,0,0,0,0,0,0,0,0,0,0,0,0,0,0,0,0,0,0,0,0,0,0,0,0,0,0,0,0,0,0,0,0,0,0,0,0,0,0,0,0,0,0,0,0,0,0,0,0,NA,Y,NA,NA,NA
12594,Ready to Move,NA,1,Y,NA,KDMC,0,4800000,48 Lac,"Vitrified,Ceramic Tiles",NA,Monthly,8991,200000,Next to Petrol PumpBhiwandi Bypass,1080,NA,4444,709,Kalyan West,East Facing Property,Sq-ft,N,Co-operative Society,Unfurnished,2,NA,East,"Garden/Park, Pool",Resale,1 of 27 Floor,Apartment,Thane,2,Owner,27,NA,F,1080,Sq-ft,N,Bachelors/Family,"Kalyan West, Thane",2 BHK Flat,Sq-ft,0,5 to 10 years,1,NA,1,1,1,1,1,1,1,1,1,1,1,1,1,1,1,1,1,1,1,1,1,1,1,1,1,1,1,1,1,1,1,1,1,1,1,1,1,1,1,1,1,1,1,1,1,1,1,1,1,1,1,1,1,1,1,1,1,1,1,1,1,1,1,1,1,1,1,0,1,1,1,1,1,1,1,1,1,1,1,1,1,1,1,1,1,1,1,1,1,1,NA,Y,NA,NA,NA
12593,Under Construction,Jun '24,15,Y,Godrej Properties,TMC,NA,4700000,47 Lac,Vitrified,No/Rare Powercut,Monthly,0,470000,kalyan bhivandi road,NA,Godrej Nirvaan,NA,461,Kalyan West,NA,NA,Y,Freehold,Unfurnished,1,1 Covered,East,"Garden/Park, Pool",New Property,15 of 26 Floor,Apartment,Thane,1,Agent,26,Water Availability 24 Hours Available,F,NA,Sq-ft,Y,Bachelors/Family,"Kalyan West, Thane",1 BHK Flat,NA,0,NA,1,NA,1,1,1,1,1,1,1,1,1,1,1,1,1,1,1,1,1,1,1,1,1,1,1,1,1,1,1,1,1,1,1,1,1,1,1,1,1,1,1,1,1,1,1,1,1,1,1,1,1,1,1,1,1,1,1,1,1,1,1,1,1,1,1,1,1,1,1,1,1,1,1,1,1,1,1,1,1,1,1,1,1,1,1,1,1,1,1,1,1,1,NA,NA,NA,NA,NA
12592,Ready to Move,NA,3,Y,TATA Housing Development Company Ltd.,KDMC,2,7999992,80 Lac,Vitrified,No/Rare Powercut,Monthly,NA,250000,kalyan bhiwandi junction,1332,Tata Amantra,6006,853,Kalyan West,Newly Constructed Property,Sq-ft,Y,Freehold,Unfurnished,3,1 Open,North - East,"Garden/Park, Pool, Main Road",New Property,3 of 29 Floor,Apartment,Thane,3,Agent,29,Water Availability 24 Hours Available,F,1332,Sq-ft,Y,Bachelors/Family,"Kalyan West, Thane",3 BHK Flat,Sq-ft,0,New Construction,1,Y,1,1,1,1,1,1,1,1,1,1,1,1,1,1,1,1,1,1,1,1,1,1,1,1,1,1,1,1,1,1,1,1,1,1,1,1,1,1,1,1,1,1,1,1,1,1,1,1,1,1,1,1,1,1,1,1,1,1,1,1,1,1,1,1,1,1,1,1,1,1,0,1,1,1,1,1,1,1,1,1,1,1,1,1,1,1,1,1,1,1,NA,Y,NA,NA,NA
12591,Ready to Move,NA,4,N,NA,KDMC,NA,4700000,47 Lac,NA,No/Rare Powercut,NA,NA,NA,NA,835,NA,5629,NA,Kalyan West,NA,Sq-ft,N,NA,Unfurnished,2,2 Open,West,NA,Resale,4 of 6 Floor,Apartment,Thane,2,Owner,6,Water Availability 24 Hours Available,F,835,NA,N,Bachelors/Family,"Kalyan West, Thane",2 BHK Flat,Sq-ft,0,NA,3,NA,0,0,0,0,0,0,0,0,0,0,0,0,0,0,0,0,0,0,0,0,0,0,0,0,0,0,0,0,0,0,0,0,0,0,0,0,0,0,0,0,0,0,0,0,0,0,0,0,0,0,0,0,0,0,0,0,0,0,0,0,0,0,0,0,0,0,0,0,0,0,0,0,0,0,0,0,0,0,0,0,0,0,0,0,0,0,0,0,0,0,NA,NA,NA,NA,NA
12590,Ready to Move,NA,7,N,Virat Group,NA,NA,3200000,32 Lac,NA,NA,NA,NA,NA,NA,645,Virat Residency,4961,NA,Kalyan West,NA,Sq-ft,N,NA,Unfurnished,1,NA,NA,NA,Resale,7 of 8 Floor,Apartment,Thane,1,Owner,8,NA,F,645,NA,N,Bachelors/Family,"Kalyan West, Thane",1 BHK Flat,Sq-ft,0,NA,NA,NA,0,0,0,0,0,0,0,0,0,0,0,0,0,0,0,0,0,0,0,0,0,0,0,0,0,0,0,0,0,0,0,0,0,0,0,0,0,0,0,0,0,0,0,0,0,0,0,0,0,0,0,0,0,0,0,0,0,0,0,0,0,0,0,0,0,0,0,0,0,0,0,0,0,0,0,0,0,0,0,0,0,0,0,0,0,0,0,0,0,0,NA,NA,NA,NA,NA
12589,Ready to Move,NA,1,N,NA,NA,NA,1700000,17 Lac,NA,NA,NA,NA,NA,NA,325,NA,5231,NA,Kalyan West,NA,Sq-ft,N,NA,Unfurnished,1,NA,NA,NA,Resale,1 of 4 Floor,Apartment,Thane,1,Owner,4,NA,F,325,NA,N,Bachelors/Family,"Kalyan West, Thane",1 BHK Flat,Sq-ft,0,NA,NA,NA,0,0,0,0,0,0,0,0,0,0,0,0,0,0,0,0,0,0,0,0,0,0,0,0,0,0,0,0,0,0,0,0,0,0,0,0,0,0,0,0,0,0,0,0,0,0,0,0,0,0,0,0,0,0,0,0,0,0,0,0,0,0,0,0,0,0,0,0,0,0,0,0,0,0,0,0,0,0,0,0,0,0,0,0,0,0,0,0,0,0,NA,NA,NA,NA,NA
12588,Ready to Move,NA,5,N,NA,NA,NA,25200000,2.52 Cr,"Vitrified,Ceramic Tiles,Granite",NA,NA,NA,NA,"Adjacket to Fortis Hospital, in front of kalyan main flower market and APCM Market, walking distance from Metro mall. Sarvodya mall and d mart.",2900,Devdarshan Apartment,8690,2115,Kalyan West,East Facing Property,Sq-ft,N,Co-operative Society,Furnished,3,NA,East,Main Road,Resale,5 of 7 Floor,Apartment,Thane,5,Owner,7,NA,F,2900,Sq-ft,N,Bachelors/Family,"Kalyan West, Thane",5 BHK Flat,Sq-ft,0,5 to 10 years,NA,NA,1,1,1,1,1,1,1,1,1,1,1,1,1,1,1,1,1,1,1,1,1,1,1,1,1,1,1,1,1,1,1,1,1,1,1,1,1,1,1,1,1,1,1,1,1,1,1,1,1,1,1,1,1,1,1,1,1,1,1,1,1,1,1,1,1,1,1,0,1,1,1,1,1,1,1,1,1,1,1,1,1,1,1,1,1,1,1,1,1,1,NA,NA,NA,NA,NA
12587,Ready to Move,NA,Ground,N,NA,NA,NA,9500000,95 Lac,NA,NA,NA,NA,NA,NA,900,NA,10556,NA,Kalyan West,NA,Sq-ft,N,NA,Unfurnished,2,NA,NA,NA,Resale,Ground of 7 Floor,Apartment,Kalyan,2,Owner,7,NA,F,900,NA,N,Bachelors/Family,"Kalyan West, Kalyan",2 BHK Flat,Sq-ft,0,NA,NA,NA,0,0,0,0,0,0,0,0,0,0,0,0,0,0,0,0,0,0,0,0,0,0,0,0,0,0,0,0,0,0,0,0,0,0,0,0,0,0,0,0,0,0,0,0,0,0,0,0,0,0,0,0,0,0,0,0,0,0,0,0,0,0,0,0,0,0,0,0,0,0,0,0,0,0,0,0,0,0,0,0,0,0,0,0,0,0,0,0,0,0,NA,NA,NA,NA,NA
